A	B	Interactor
AT1G14170	AT1G14170	1
AT1G14170	AT4G26000	1
AT1G14170	AT5G04430	1
AT1G14170	AT1G03457	1
AT1G14170	AT1G13690	1
AT1G14170	AT1G13730	1
AT1G14170	AT1G22760	1
AT1G14170	AT1G47490	1
AT1G14170	AT1G47500	1
AT1G14170	AT1G49760	1
AT1G14170	AT1G67950	1
AT1G14170	AT1G69250	1
AT1G14170	AT1G72800	1
AT1G14170	AT1G76460	1
AT1G14170	AT2G14160	1
AT1G14170	AT2G21660	1
AT1G14170	AT3G06970	1
AT1G14170	AT3G13700	1
AT1G14170	AT3G19090	1
AT1G14170	AT3G19130	1
AT1G14170	AT4G03110	1
AT1G14170	AT4G13860	1
AT1G14170	AT4G17720	1
AT1G14170	AT5G16840	1
AT1G14170	AT5G43960	1
AT1G14170	AT5G46250	1
AT1G14170	AT5G47620	1
AT1G14170	AT5G60980	1
AT1G14170	AT1G43190	1
AT1G14170	AT1G09810	1
AT1G14170	AT3G47120	1
AT1G14170	AT1G53650	1
AT1G14170	AT5G48650	1
AT2G25910	AT1G14170	1
AT2G25910	AT4G26000	1
AT2G25910	AT5G04430	1
AT2G25910	AT3G53870	1
AT2G25910	AT2G31610	1
AT2G25910	AT2G25355	1
AT2G25910	AT1G03360	1
AT2G25910	AT1G03457	1
AT2G25910	AT1G06960	1
AT2G25910	AT1G13690	1
AT2G25910	AT1G14340	1
AT2G25910	AT1G29400	1
AT2G25910	AT1G49760	1
AT2G25910	AT1G51510	1
AT2G25910	AT1G67950	1
AT2G25910	AT1G69250	1
AT2G25910	AT1G76460	1
AT2G25910	AT2G14160	1
AT2G25910	AT2G21660	1
AT2G25910	AT2G46780	1
AT2G25910	AT3G06970	1
AT2G25910	AT3G09160	1
AT2G25910	AT3G13700	1
AT2G25910	AT3G45630	1
AT2G25910	AT3G46020	1
AT2G25910	AT3G49390	1
AT2G25910	AT4G10110	1
AT2G25910	AT4G13860	1
AT2G25910	AT4G14300	1
AT2G25910	AT4G17720	1
AT2G25910	AT5G04210	1
AT2G25910	AT5G16840	1
AT2G25910	AT5G23590	1
AT2G25910	AT5G43960	1
AT2G25910	AT5G46250	1
AT2G25910	AT1G43190	1
AT2G25910	AT5G61020	1
AT2G25910	AT4G26650	1
AT2G25910	AT1G53650	1
AT2G38610	AT1G14170	1
AT2G38610	AT2G38610	1
AT2G38610	AT3G04610	1
AT2G38610	AT3G08620	1
AT2G38610	AT4G26000	1
AT2G38610	AT5G04430	1
AT2G38610	AT1G30960	1
AT2G38610	AT1G03457	1
AT2G38610	AT1G06960	1
AT2G38610	AT1G13730	1
AT2G38610	AT1G20880	1
AT2G38610	AT1G22760	1
AT2G38610	AT1G29400	1
AT2G38610	AT1G33470	1
AT2G38610	AT1G60000	1
AT2G38610	AT1G67950	1
AT2G38610	AT1G69250	1
AT2G38610	AT1G74230	1
AT2G38610	AT1G76460	1
AT2G38610	AT1G78260	1
AT2G38610	AT2G05160	1
AT2G38610	AT2G18510	1
AT2G38610	AT2G21660	1
AT2G38610	AT2G23350	1
AT2G38610	AT2G37220	1
AT2G38610	AT3G06970	1
AT2G38610	AT3G13700	1
AT2G38610	AT3G14450	1
AT2G38610	AT3G19090	1
AT2G38610	AT3G19130	1
AT2G38610	AT3G63450	1
AT2G38610	AT4G03110	1
AT2G38610	AT4G13850	1
AT2G38610	AT4G13860	1
AT2G38610	AT4G14300	1
AT2G38610	AT4G17720	1
AT2G38610	AT5G12190	1
AT2G38610	AT5G16840	1
AT2G38610	AT5G19350	1
AT2G38610	AT5G43960	1
AT2G38610	AT5G60980	1
AT2G38610	AT5G61030	1
AT2G38610	AT1G43190	1
AT2G38610	AT1G09810	1
AT2G38610	AT1G30460	1
AT2G38610	AT5G61020	1
AT2G38610	AT4G26650	1
AT2G38610	AT4G27000	1
AT2G38610	AT3G47120	1
AT2G38610	AT1G53650	1
AT2G38610	AT5G48650	1
AT3G08620	AT1G14170	1
AT3G08620	AT2G38610	1
AT3G08620	AT3G04610	1
AT3G08620	AT3G08620	1
AT3G08620	AT4G26000	1
AT3G08620	AT5G04430	1
AT3G08620	AT1G03457	1
AT3G08620	AT1G06960	1
AT3G08620	AT1G13690	1
AT3G08620	AT1G13730	1
AT3G08620	AT1G18630	1
AT3G08620	AT1G20880	1
AT3G08620	AT1G22760	1
AT3G08620	AT1G33470	1
AT3G08620	AT1G49760	1
AT3G08620	AT1G51510	1
AT3G08620	AT1G58470	1
AT3G08620	AT1G60000	1
AT3G08620	AT1G67950	1
AT3G08620	AT1G69250	1
AT3G08620	AT1G72800	1
AT3G08620	AT1G76460	1
AT3G08620	AT2G03640	1
AT3G08620	AT2G18510	1
AT3G08620	AT2G21660	1
AT3G08620	AT2G23350	1
AT3G08620	AT2G46780	1
AT3G08620	AT3G06970	1
AT3G08620	AT1G27960	1
AT3G08620	AT3G13700	1
AT3G08620	AT3G46020	1
AT3G08620	AT4G03110	1
AT3G08620	AT4G13850	1
AT3G08620	AT4G13860	1
AT3G08620	AT4G14300	1
AT3G08620	AT4G25500	1
AT3G08620	AT5G43960	1
AT3G08620	AT5G54580	1
AT3G08620	AT4G26650	1
AT3G08620	AT3G53460	1
AT3G08620	AT4G27000	1
AT3G08620	AT5G66010	1
AT3G08620	AT1G53650	1
AT3G08620	AT5G48650	1
AT3G12130	AT3G53500	1
AT3G12130	AT3G55460	1
AT3G12130	AT4G13860	1
AT3G12130	AT4G14300	1
AT3G12130	AT4G24270	1
AT3G12130	AT5G16840	1
AT3G12130	AT5G19960	1
AT3G12130	AT5G37720	1
AT3G12130	AT5G42820	1
AT3G12130	AT5G58470	1
AT3G12130	AT1G09810	1
AT3G16230	AT4G26000	1
AT3G16230	AT5G04430	1
AT3G16230	AT1G67950	1
AT3G16230	AT2G21440	1
AT4G10070	AT4G10070	1
AT4G10070	AT1G02840	1
AT4G10070	AT1G13690	1
AT4G10070	AT1G09810	1
AT4G26000	AT4G26000	1
AT4G26000	AT5G04430	1
AT4G26000	AT2G25355	1
AT4G26000	AT1G13690	1
AT4G26000	AT1G13730	1
AT4G26000	AT1G14340	1
AT4G26000	AT1G29400	1
AT4G26000	AT1G51510	1
AT4G26000	AT1G67950	1
AT4G26000	AT2G18510	1
AT4G26000	AT2G21660	1
AT4G26000	AT3G06970	1
AT4G26000	AT3G46020	1
AT4G26000	AT4G10110	1
AT4G26000	AT4G13860	1
AT4G26000	AT4G17720	1
AT4G26000	AT5G16840	1
AT4G26000	AT5G47620	1
AT4G26000	AT1G43190	1
AT4G26000	AT5G53180	1
AT4G26000	AT4G26650	1
AT5G04430	AT1G14170	1
AT5G04430	AT2G38610	1
AT5G04430	AT3G08620	1
AT5G04430	AT5G04430	1
AT5G04430	AT1G30960	1
AT5G04430	AT3G53870	1
AT5G04430	AT2G31610	1
AT5G04430	AT1G03457	1
AT5G04430	AT1G06960	1
AT5G04430	AT1G09140	1
AT5G04430	AT1G13690	1
AT5G04430	AT1G13730	1
AT5G04430	AT1G14340	1
AT5G04430	AT1G22760	1
AT5G04430	AT1G29400	1
AT5G04430	AT1G47500	1
AT5G04430	AT1G49760	1
AT5G04430	AT1G51510	1
AT5G04430	AT1G60000	1
AT5G04430	AT1G67950	1
AT5G04430	AT1G69250	1
AT5G04430	AT1G76460	1
AT5G04430	AT2G03640	1
AT5G04430	AT2G05160	1
AT5G04430	AT2G14160	1
AT5G04430	AT2G18510	1
AT5G04430	AT2G21660	1
AT5G04430	AT2G22090	1
AT5G04430	AT2G23350	1
AT5G04430	AT2G37220	1
AT5G04430	AT2G46780	1
AT5G04430	AT3G06970	1
AT5G04430	AT3G11400	1
AT5G04430	AT3G13700	1
AT5G04430	AT3G14450	1
AT5G04430	AT3G19090	1
AT5G04430	AT3G19130	1
AT5G04430	AT3G46020	1
AT5G04430	AT3G49390	1
AT5G04430	AT3G63450	1
AT5G04430	AT4G03110	1
AT5G04430	AT4G13850	1
AT5G04430	AT4G13860	1
AT5G04430	AT4G14300	1
AT5G04430	AT4G17720	1
AT5G04430	AT5G12190	1
AT5G04430	AT5G18810	1
AT5G04430	AT5G43960	1
AT5G04430	AT5G46250	1
AT5G04430	AT5G47620	1
AT5G04430	AT5G54580	1
AT5G04430	AT5G55550	1
AT5G04430	AT5G60980	1
AT5G04430	AT5G61030	1
AT5G04430	AT1G37140	1
AT5G04430	AT1G43190	1
AT5G04430	AT5G53180	1
AT5G04430	AT1G09810	1
AT5G04430	AT1G30460	1
AT5G04430	AT5G61020	1
AT5G04430	AT4G26650	1
AT5G04430	AT3G53460	1
AT5G04430	AT4G27000	1
AT5G04430	AT3G47120	1
AT5G04430	AT4G34110	1
AT5G04430	AT1G53650	1
AT5G04430	AT5G48650	1
AT5G06770	AT1G02840	1
AT5G06770	AT3G13570	1
AT5G06770	AT3G15010	1
AT5G06770	AT3G55460	1
AT5G06770	AT5G09880	1
AT5G06770	AT5G18810	1
AT5G35530	AT4G26000	1
AT5G35530	AT5G04430	1
AT5G35530	AT1G13690	1
AT5G35530	AT1G13730	1
AT5G35530	AT1G69250	1
AT5G35530	AT3G55460	1
AT5G35530	AT4G13850	1
AT5G35530	AT4G13860	1
AT5G35530	AT4G14300	1
AT5G35530	AT4G17720	1
AT5G35530	AT5G16840	1
AT5G35530	AT3G13060	1
AT5G35530	AT5G48650	1
AT3G53870	AT5G43960	1
AT2G31610	AT4G26000	1
AT2G31610	AT5G04430	1
AT2G31610	AT1G03457	1
AT2G31610	AT1G13690	1
AT2G31610	AT1G13730	1
AT2G31610	AT1G51510	1
AT2G31610	AT1G69250	1
AT2G31610	AT2G03640	1
AT2G31610	AT2G14160	1
AT2G31610	AT2G21660	1
AT2G31610	AT3G19130	1
AT2G31610	AT4G17720	1
AT2G31610	AT5G16840	1
AT2G31610	AT5G43960	1
AT2G31610	AT5G46250	1
AT2G25355	AT5G04430	1
AT2G25355	AT1G09140	1
AT2G25355	AT1G13690	1
AT2G25355	AT5G16840	1
AT2G25355	AT5G43960	1
AT4G32175	AT5G04430	1
AT1G03360	AT1G09140	1
AT1G03360	AT1G13690	1
AT1G01080	AT1G01080	1
AT1G01080	AT1G49760	1
AT1G01080	AT1G60000	1
AT1G01080	AT1G73530	1
AT1G01080	AT1G78260	1
AT1G01080	AT2G03640	1
AT1G01080	AT2G21660	1
AT1G01080	AT2G35410	1
AT1G01080	AT3G13700	1
AT1G01080	AT3G52380	1
AT1G01080	AT4G03110	1
AT1G01080	AT4G09040	1
AT1G01080	AT4G10610	1
AT1G01080	AT4G13860	1
AT1G01080	AT4G25500	1
AT1G01080	AT5G42820	1
AT1G01080	AT5G44200	1
AT1G01080	AT5G54580	1
AT1G01080	AT5G60980	1
AT1G01080	AT1G43190	1
AT1G01080	AT3G53460	1
AT1G02840	AT2G38610	1
AT1G02840	AT3G08620	1
AT1G02840	AT4G26000	1
AT1G02840	AT5G04430	1
AT1G02840	AT2G31610	1
AT1G02840	AT1G03360	1
AT1G02840	AT1G01080	1
AT1G02840	AT1G03457	1
AT1G02840	AT1G06960	1
AT1G02840	AT1G07350	1
AT1G02840	AT1G07360	1
AT1G02840	AT1G09140	1
AT1G02840	AT1G13690	1
AT1G02840	AT1G13730	1
AT1G02840	AT1G14340	1
AT1G02840	AT1G16610	1
AT1G02840	AT1G20880	1
AT1G02840	AT1G23860	1
AT1G02840	AT1G27650	1
AT1G02840	AT1G49760	1
AT1G02840	AT1G50300	1
AT1G02840	AT1G51510	1
AT1G02840	AT1G67950	1
AT1G02840	AT1G69250	1
AT1G02840	AT1G74230	1
AT1G02840	AT1G76460	1
AT1G02840	AT2G03640	1
AT1G02840	AT2G21660	1
AT1G02840	AT2G23350	1
AT1G02840	AT2G24590	1
AT1G02840	AT2G46610	1
AT1G02840	AT2G47310	1
AT1G02840	AT2G47580	1
AT1G02840	AT3G04500	1
AT1G02840	AT3G06970	1
AT1G02840	AT3G10400	1
AT1G02840	AT3G11400	1
AT1G02840	AT3G13570	1
AT1G02840	AT3G13700	1
AT1G02840	AT3G15010	1
AT1G02840	AT3G46020	1
AT1G02840	AT3G49390	1
AT1G02840	AT3G53500	1
AT1G02840	AT3G55460	1
AT1G02840	AT3G61860	1
AT1G02840	AT4G03110	1
AT1G02840	AT4G10110	1
AT1G02840	AT4G10610	1
AT1G02840	AT4G13850	1
AT1G02840	AT4G13860	1
AT1G02840	AT4G14300	1
AT1G02840	AT4G17720	1
AT1G02840	AT4G24270	1
AT1G02840	AT4G24770	1
AT1G02840	AT5G09880	1
AT1G02840	AT5G16840	1
AT1G02840	AT5G18810	1
AT1G02840	AT5G19960	1
AT1G02840	AT5G23590	1
AT1G02840	AT5G25060	1
AT1G02840	AT5G37720	1
AT1G02840	AT5G42820	1
AT1G02840	AT5G43960	1
AT1G02840	AT5G44200	1
AT1G02840	AT5G46250	1
AT1G02840	AT5G47620	1
AT1G02840	AT5G50250	1
AT1G03457	AT1G14170	1
AT1G03457	AT2G38610	1
AT1G03457	AT3G08620	1
AT1G03457	AT5G04430	1
AT1G03457	AT1G30960	1
AT1G03457	AT1G03457	1
AT1G03457	AT1G06960	1
AT1G03457	AT1G13690	1
AT1G03457	AT1G13730	1
AT1G03457	AT1G14340	1
AT1G03457	AT1G29400	1
AT1G03457	AT1G47500	1
AT1G03457	AT1G49760	1
AT1G03457	AT1G51510	1
AT1G03457	AT1G54080	1
AT1G03457	AT1G69250	1
AT1G03457	AT1G74230	1
AT1G03457	AT1G76460	1
AT1G03457	AT1G78260	1
AT1G03457	AT2G03640	1
AT1G03457	AT2G05160	1
AT1G03457	AT2G18510	1
AT1G03457	AT2G21660	1
AT1G03457	AT2G41060	1
AT1G03457	AT2G46780	1
AT1G03457	AT3G06970	1
AT1G03457	AT3G19090	1
AT1G03457	AT3G49390	1
AT1G03457	AT3G52380	1
AT1G03457	AT3G63450	1
AT1G03457	AT4G03110	1
AT1G03457	AT4G10610	1
AT1G03457	AT4G13860	1
AT1G03457	AT4G25500	1
AT1G03457	AT5G43960	1
AT1G03457	AT5G47620	1
AT1G03457	AT5G54580	1
AT1G03457	AT1G09810	1
AT1G03457	AT1G30460	1
AT1G03457	AT3G53460	1
AT1G03457	AT4G27000	1
AT1G03457	AT1G53650	1
AT1G06960	AT1G02840	1
AT1G06960	AT1G13690	1
AT1G06960	AT1G14340	1
AT1G06960	AT1G60000	1
AT1G06960	AT2G14160	1
AT1G06960	AT2G35410	1
AT1G06960	AT2G37220	1
AT1G06960	AT3G13700	1
AT1G06960	AT3G52380	1
AT1G06960	AT4G09040	1
AT1G06960	AT4G13860	1
AT1G06960	AT4G25500	1
AT1G06960	AT5G16840	1
AT1G06960	AT5G61030	1
AT1G06960	AT3G53460	1
AT1G06960	AT3G52150	1
AT1G07350	AT3G04610	1
AT1G07350	AT4G10070	1
AT1G07350	AT4G26000	1
AT1G07350	AT1G09140	1
AT1G07350	AT1G09230	1
AT1G07350	AT1G13690	1
AT1G07350	AT1G13730	1
AT1G07350	AT1G14340	1
AT1G07350	AT1G16610	1
AT1G07350	AT1G27650	1
AT1G07350	AT1G50300	1
AT1G07350	AT2G46610	1
AT1G07350	AT2G47580	1
AT1G07350	AT3G13570	1
AT1G07350	AT4G17720	1
AT1G07350	AT5G09880	1
AT1G07350	AT5G16840	1
AT1G07350	AT5G18810	1
AT1G07350	AT5G19960	1
AT1G07350	AT5G23590	1
AT1G07360	AT3G08620	1
AT1G07360	AT4G10070	1
AT1G07360	AT5G04430	1
AT1G07360	AT1G30960	1
AT1G07360	AT1G09140	1
AT1G07360	AT1G14340	1
AT1G07360	AT1G16610	1
AT1G07360	AT1G17370	1
AT1G07360	AT1G27650	1
AT1G07360	AT1G29400	1
AT1G07360	AT1G49760	1
AT1G07360	AT1G51510	1
AT1G07360	AT1G60650	1
AT1G07360	AT1G66260	1
AT1G07360	AT1G67950	1
AT1G07360	AT2G16940	1
AT1G07360	AT3G13224	1
AT1G07360	AT3G13570	1
AT1G07360	AT3G55460	1
AT1G07360	AT4G03110	1
AT1G07360	AT4G10110	1
AT1G07360	AT4G13860	1
AT1G07360	AT4G14300	1
AT1G07360	AT4G17720	1
AT1G07360	AT4G24270	1
AT1G07360	AT4G24770	1
AT1G07360	AT5G09880	1
AT1G07360	AT5G10350	1
AT1G07360	AT5G12190	1
AT1G07360	AT5G16840	1
AT1G07360	AT5G18810	1
AT1G07360	AT5G19960	1
AT1G07360	AT5G23590	1
AT1G07360	AT5G50250	1
AT1G07360	AT1G43190	1
AT1G09140	AT5G04430	1
AT1G09140	AT1G09140	1
AT1G09140	AT1G50300	1
AT1G09140	AT1G51510	1
AT1G09140	AT4G24270	1
AT1G09140	AT4G24770	1
AT1G09140	AT5G18810	1
AT1G09230	AT2G37340	1
AT1G09230	AT3G13570	1
AT1G09230	AT3G53500	1
AT1G09230	AT4G24770	1
AT1G09230	AT5G19960	1
AT1G09230	AT5G23590	1
AT1G09230	AT5G43960	1
AT1G09230	AT5G50250	1
AT1G11650	AT2G38610	1
AT1G11650	AT3G08620	1
AT1G11650	AT4G26000	1
AT1G11650	AT5G04430	1
AT1G11650	AT1G30960	1
AT1G11650	AT3G53870	1
AT1G11650	AT2G31610	1
AT1G11650	AT2G25355	1
AT1G11650	AT1G01080	1
AT1G11650	AT1G03457	1
AT1G11650	AT1G06960	1
AT1G11650	AT1G07350	1
AT1G11650	AT1G09230	1
AT1G11650	AT1G13690	1
AT1G11650	AT1G13730	1
AT1G11650	AT1G17370	1
AT1G11650	AT1G20880	1
AT1G11650	AT1G22760	1
AT1G11650	AT1G33470	1
AT1G11650	AT1G47490	1
AT1G11650	AT1G49600	1
AT1G11650	AT1G49760	1
AT1G11650	AT1G51510	1
AT1G11650	AT1G67950	1
AT1G11650	AT1G69250	1
AT1G11650	AT1G76460	1
AT1G11650	AT1G78260	1
AT1G11650	AT2G14160	1
AT1G11650	AT2G18510	1
AT1G11650	AT2G21660	1
AT1G11650	AT2G23350	1
AT1G11650	AT2G46780	1
AT1G11650	AT3G14450	1
AT1G11650	AT3G46020	1
AT1G11650	AT3G63450	1
AT1G11650	AT4G03110	1
AT1G11650	AT4G10610	1
AT1G11650	AT4G13860	1
AT1G11650	AT4G14300	1
AT1G11650	AT4G17720	1
AT1G11650	AT5G16840	1
AT1G11650	AT5G19350	1
AT1G11650	AT5G43960	1
AT1G11650	AT5G46250	1
AT1G11650	AT5G54580	1
AT1G11650	AT5G60980	1
AT1G11650	AT1G37140	1
AT1G11650	AT1G43190	1
AT1G11650	AT1G09810	1
AT1G11650	AT1G30460	1
AT1G11650	AT4G34110	1
AT1G11650	AT4G36960	1
AT1G11650	AT5G48650	1
AT1G13190	AT5G19960	1
AT1G13690	AT4G26000	1
AT1G13690	AT5G04430	1
AT1G13690	AT2G25355	1
AT1G13690	AT1G29400	1
AT1G13690	AT2G14160	1
AT1G13690	AT2G21660	1
AT1G13690	AT2G23350	1
AT1G13690	AT2G47580	1
AT1G13690	AT3G06970	1
AT1G13690	AT3G09160	1
AT1G13690	AT3G46020	1
AT1G13690	AT4G10110	1
AT1G13690	AT4G10610	1
AT1G13690	AT4G13850	1
AT1G13690	AT4G13860	1
AT1G13690	AT5G23590	1
AT1G13690	AT5G46250	1
AT1G13690	AT5G60980	1
AT1G13730	AT4G26000	1
AT1G13730	AT5G04430	1
AT1G13730	AT1G30960	1
AT1G13730	AT3G53870	1
AT1G13730	AT1G09140	1
AT1G13730	AT1G11650	1
AT1G13730	AT1G22760	1
AT1G13730	AT1G27650	1
AT1G13730	AT1G29400	1
AT1G13730	AT1G51510	1
AT1G13730	AT1G67950	1
AT1G13730	AT1G69250	1
AT1G13730	AT1G78260	1
AT1G13730	AT2G03640	1
AT1G13730	AT2G05160	1
AT1G13730	AT2G14160	1
AT1G13730	AT2G23350	1
AT1G13730	AT2G37220	1
AT1G13730	AT2G46780	1
AT1G13730	AT3G14450	1
AT1G13730	AT3G19090	1
AT1G13730	AT3G19130	1
AT1G13730	AT3G46020	1
AT1G13730	AT3G63450	1
AT1G13730	AT4G03110	1
AT1G13730	AT4G10610	1
AT1G13730	AT4G13850	1
AT1G13730	AT4G14300	1
AT1G13730	AT4G17720	1
AT1G13730	AT4G19610	1
AT1G13730	AT4G20030	1
AT1G13730	AT4G24270	1
AT1G13730	AT4G25500	1
AT1G13730	AT5G06210	1
AT1G13730	AT5G12190	1
AT1G13730	AT5G16840	1
AT1G13730	AT5G18810	1
AT1G13730	AT5G19350	1
AT1G13730	AT5G43960	1
AT1G13730	AT5G44200	1
AT1G13730	AT5G46250	1
AT1G13730	AT5G47620	1
AT1G13730	AT5G50250	1
AT1G13730	AT5G54580	1
AT1G13730	AT5G60980	1
AT1G13730	AT1G09810	1
AT1G13730	AT1G30460	1
AT1G13730	AT5G61020	1
AT1G13730	AT4G27000	1
AT1G13730	AT1G53650	1
AT1G14340	AT4G26000	1
AT1G14340	AT5G04430	1
AT1G14340	AT5G46190	1
AT1G14340	AT1G13690	1
AT1G14340	AT1G13730	1
AT1G14340	AT1G14340	1
AT1G14340	AT1G27050	1
AT1G14340	AT1G60200	1
AT1G14340	AT1G66260	1
AT1G14340	AT1G67950	1
AT1G14340	AT2G21440	1
AT1G14340	AT2G21660	1
AT1G14340	AT2G23350	1
AT1G14340	AT3G01210	1
AT1G14340	AT3G13700	1
AT1G14340	AT3G19090	1
AT1G14340	AT3G46020	1
AT1G14340	AT4G10110	1
AT1G14340	AT4G39260	1
AT1G14340	AT5G04210	1
AT1G14340	AT5G16840	1
AT1G14340	AT5G43960	1
AT1G14340	AT5G46250	1
AT1G14340	AT5G47620	1
AT1G14340	AT5G54580	1
AT1G14340	AT5G60980	1
AT1G16610	AT1G02840	1
AT1G16610	AT1G09140	1
AT1G16610	AT1G13690	1
AT1G16610	AT1G16610	1
AT1G16610	AT1G50300	1
AT1G16610	AT2G43370	1
AT1G16610	AT2G47580	1
AT1G16610	AT3G04500	1
AT1G16610	AT3G11400	1
AT1G16610	AT3G19090	1
AT1G16610	AT3G52380	1
AT1G16610	AT3G53500	1
AT1G16610	AT3G55460	1
AT1G16610	AT5G09880	1
AT1G16610	AT5G42820	1
AT1G16610	AT5G50250	1
AT1G16610	AT3G47120	1
AT1G17370	AT1G14170	1
AT1G17370	AT2G38610	1
AT1G17370	AT3G04610	1
AT1G17370	AT3G08620	1
AT1G17370	AT4G26000	1
AT1G17370	AT2G31610	1
AT1G17370	AT1G13190	1
AT1G17370	AT1G13690	1
AT1G17370	AT1G13730	1
AT1G17370	AT1G14340	1
AT1G17370	AT1G17370	1
AT1G17370	AT1G20880	1
AT1G17370	AT1G22760	1
AT1G17370	AT1G33470	1
AT1G17370	AT1G47490	1
AT1G17370	AT1G47500	1
AT1G17370	AT1G49760	1
AT1G17370	AT1G51510	1
AT1G17370	AT1G58470	1
AT1G17370	AT1G67950	1
AT1G17370	AT1G69250	1
AT1G17370	AT1G76460	1
AT1G17370	AT1G76940	1
AT1G17370	AT2G05160	1
AT1G17370	AT2G21660	1
AT1G17370	AT2G23350	1
AT1G17370	AT3G14450	1
AT1G17370	AT3G46020	1
AT1G17370	AT3G63450	1
AT1G17370	AT4G13860	1
AT1G17370	AT4G17720	1
AT1G17370	AT5G16840	1
AT1G17370	AT5G19350	1
AT1G17370	AT5G43960	1
AT1G17370	AT5G46250	1
AT1G17370	AT5G47620	1
AT1G17370	AT1G43190	1
AT1G17370	AT1G09810	1
AT1G17370	AT1G30460	1
AT1G17370	AT5G61020	1
AT1G17370	AT4G26650	1
AT1G17370	AT4G27000	1
AT1G17370	AT3G47120	1
AT1G17370	AT4G34110	1
AT1G17370	AT1G53650	1
AT1G18630	AT5G04430	1
AT1G18630	AT1G74230	1
AT1G18630	AT2G21660	1
AT1G18630	AT2G27330	1
AT1G18630	AT2G35410	1
AT1G18630	AT3G23830	1
AT1G18630	AT4G25500	1
AT1G20880	AT3G08620	1
AT1G20880	AT5G04430	1
AT1G20880	AT1G30960	1
AT1G20880	AT1G03457	1
AT1G20880	AT1G06960	1
AT1G20880	AT1G13690	1
AT1G20880	AT1G20880	1
AT1G20880	AT1G22760	1
AT1G20880	AT1G22910	1
AT1G20880	AT1G27050	1
AT1G20880	AT1G29400	1
AT1G20880	AT1G32790	1
AT1G20880	AT1G33470	1
AT1G20880	AT1G47490	1
AT1G20880	AT1G47500	1
AT1G20880	AT1G67950	1
AT1G20880	AT1G69250	1
AT1G20880	AT1G76460	1
AT1G20880	AT1G78260	1
AT1G20880	AT2G05160	1
AT1G20880	AT2G14160	1
AT1G20880	AT2G21660	1
AT1G20880	AT2G46780	1
AT1G20880	AT3G12640	1
AT1G20880	AT3G14100	1
AT1G20880	AT3G19090	1
AT1G20880	AT3G19130	1
AT1G20880	AT3G63450	1
AT1G20880	AT4G03110	1
AT1G20880	AT4G10610	1
AT1G20880	AT4G14300	1
AT1G20880	AT5G19350	1
AT1G20880	AT5G43960	1
AT1G20880	AT4G27000	1
AT1G20880	AT3G47120	1
AT1G20880	AT1G53650	1
AT1G20880	AT5G48650	1
AT1G21320	AT4G10070	1
AT1G21320	AT5G04430	1
AT1G21320	AT1G30960	1
AT1G21320	AT1G03360	1
AT1G21320	AT1G02840	1
AT1G21320	AT1G03457	1
AT1G21320	AT1G09140	1
AT1G21320	AT1G20880	1
AT1G21320	AT1G50300	1
AT1G21320	AT1G51510	1
AT1G21320	AT1G60200	1
AT1G21320	AT1G60650	1
AT1G21320	AT1G67950	1
AT1G21320	AT1G78260	1
AT1G21320	AT2G18510	1
AT1G21320	AT2G21660	1
AT1G21320	AT2G37340	1
AT1G21320	AT2G42240	1
AT1G21320	AT2G43370	1
AT1G21320	AT2G46610	1
AT1G21320	AT2G47580	1
AT1G21320	AT3G04500	1
AT1G21320	AT3G07810	1
AT1G21320	AT3G11400	1
AT1G21320	AT3G13570	1
AT1G21320	AT3G13700	1
AT1G21320	AT3G15010	1
AT1G21320	AT3G19130	1
AT1G21320	AT3G55460	1
AT1G21320	AT3G56860	1
AT1G21320	AT4G00830	1
AT1G21320	AT4G03110	1
AT1G21320	AT4G13860	1
AT1G21320	AT4G14300	1
AT1G21320	AT4G24270	1
AT1G21320	AT5G09880	1
AT1G21320	AT5G18810	1
AT1G21320	AT5G19960	1
AT1G21320	AT5G23590	1
AT1G21320	AT5G25060	1
AT1G21320	AT5G37720	1
AT1G21320	AT5G42820	1
AT1G21320	AT5G47620	1
AT1G21320	AT5G65260	1
AT1G22760	AT3G08620	1
AT1G22760	AT5G04430	1
AT1G22760	AT1G30960	1
AT1G22760	AT1G02840	1
AT1G22760	AT1G03457	1
AT1G22760	AT1G11650	1
AT1G22760	AT1G22760	1
AT1G22760	AT1G47490	1
AT1G22760	AT1G47500	1
AT1G22760	AT1G50300	1
AT1G22760	AT1G51510	1
AT1G22760	AT1G58470	1
AT1G22760	AT1G67950	1
AT1G22760	AT1G78260	1
AT1G22760	AT2G03640	1
AT1G22760	AT2G05160	1
AT1G22760	AT2G21660	1
AT1G22760	AT2G23350	1
AT1G22760	AT2G46780	1
AT1G22760	AT3G14100	1
AT1G22760	AT3G14450	1
AT1G22760	AT3G19090	1
AT1G22760	AT3G19130	1
AT1G22760	AT3G63450	1
AT1G22760	AT4G03110	1
AT1G22760	AT4G10110	1
AT1G22760	AT4G10610	1
AT1G22760	AT4G13860	1
AT1G22760	AT4G14300	1
AT1G22760	AT5G19350	1
AT1G22760	AT5G43960	1
AT1G22760	AT5G60980	1
AT1G22760	AT5G53180	1
AT1G22760	AT4G27000	1
AT1G22760	AT1G53650	1
AT1G22760	AT5G48650	1
AT1G23860	AT5G04430	1
AT1G23860	AT1G02840	1
AT1G23860	AT1G09140	1
AT1G23860	AT1G16610	1
AT1G23860	AT1G23860	1
AT1G23860	AT1G51510	1
AT1G23860	AT1G60650	1
AT1G23860	AT1G67950	1
AT1G23860	AT1G69250	1
AT1G23860	AT2G03640	1
AT1G23860	AT2G21660	1
AT1G23860	AT2G24590	1
AT1G23860	AT2G43370	1
AT1G23860	AT2G46610	1
AT1G23860	AT2G46780	1
AT1G23860	AT2G47580	1
AT1G23860	AT3G19090	1
AT1G23860	AT3G52380	1
AT1G23860	AT3G53500	1
AT1G23860	AT3G55460	1
AT1G23860	AT3G56860	1
AT1G23860	AT4G03110	1
AT1G23860	AT5G10350	1
AT1G23860	AT5G16840	1
AT1G23860	AT5G23590	1
AT1G23860	AT5G25060	1
AT1G23860	AT4G26650	1
AT1G23860	AT4G36960	1
AT1G23860	AT5G66010	1
AT1G27650	AT4G26000	1
AT1G27650	AT5G04430	1
AT1G27650	AT2G31610	1
AT1G27650	AT1G02840	1
AT1G27650	AT1G06960	1
AT1G27650	AT1G07360	1
AT1G27650	AT1G09140	1
AT1G27650	AT1G16610	1
AT1G27650	AT1G47490	1
AT1G27650	AT1G54080	1
AT1G27650	AT2G24590	1
AT1G27650	AT2G29580	1
AT1G27650	AT2G37340	1
AT1G27650	AT2G43370	1
AT1G27650	AT4G24270	1
AT1G27650	AT4G25500	1
AT1G27650	AT5G06000	1
AT1G27650	AT5G43960	1
AT1G27650	AT5G58470	1
AT1G27650	AT4G26650	1
AT1G27650	AT5G04600	1
AT1G27650	AT1G53720	1
AT1G27650	AT3G47120	1
AT1G29400	AT5G04430	1
AT1G29400	AT1G06960	1
AT1G29400	AT2G21660	1
AT1G29400	AT4G03110	1
AT1G29400	AT4G34110	1
AT1G33470	AT2G38610	1
AT1G33470	AT3G08620	1
AT1G33470	AT4G26000	1
AT1G33470	AT1G20880	1
AT1G33470	AT1G47490	1
AT1G33470	AT1G47500	1
AT1G33470	AT1G78260	1
AT1G33470	AT2G21660	1
AT1G33470	AT2G46780	1
AT1G33470	AT3G19130	1
AT1G33470	AT4G03110	1
AT1G33470	AT5G61030	1
AT1G47490	AT2G38610	1
AT1G47490	AT3G08620	1
AT1G47490	AT5G04430	1
AT1G47490	AT1G03457	1
AT1G47490	AT1G06960	1
AT1G47490	AT1G20880	1
AT1G47490	AT1G22760	1
AT1G47490	AT1G47500	1
AT1G47490	AT1G49760	1
AT1G47490	AT1G69250	1
AT1G47490	AT1G78260	1
AT1G47490	AT2G18510	1
AT1G47490	AT2G21660	1
AT1G47490	AT2G46780	1
AT1G47490	AT3G06970	1
AT1G47490	AT1G27960	1
AT1G47490	AT3G14450	1
AT1G47490	AT3G19090	1
AT1G47490	AT3G55460	1
AT1G47490	AT3G63450	1
AT1G47490	AT4G03110	1
AT1G47490	AT4G13860	1
AT1G47490	AT4G14300	1
AT1G47490	AT5G61030	1
AT1G47490	AT4G26650	1
AT1G47490	AT4G34110	1
AT1G47490	AT1G53650	1
AT1G47500	AT3G08620	1
AT1G47500	AT4G26000	1
AT1G47500	AT5G04430	1
AT1G47500	AT1G30960	1
AT1G47500	AT1G03457	1
AT1G47500	AT1G06960	1
AT1G47500	AT1G13690	1
AT1G47500	AT1G17370	1
AT1G47500	AT1G20880	1
AT1G47500	AT1G22760	1
AT1G47500	AT1G47490	1
AT1G47500	AT1G47500	1
AT1G47500	AT1G49600	1
AT1G47500	AT1G49760	1
AT1G47500	AT1G54080	1
AT1G47500	AT1G76460	1
AT1G47500	AT1G78260	1
AT1G47500	AT2G05160	1
AT1G47500	AT2G18510	1
AT1G47500	AT2G21660	1
AT1G47500	AT2G22090	1
AT1G47500	AT2G23350	1
AT1G47500	AT2G46780	1
AT1G47500	AT3G06970	1
AT1G47500	AT3G13700	1
AT1G47500	AT3G14100	1
AT1G47500	AT3G14450	1
AT1G47500	AT3G19090	1
AT1G47500	AT3G19130	1
AT1G47500	AT3G63450	1
AT1G47500	AT4G03110	1
AT1G47500	AT4G09040	1
AT1G47500	AT4G14300	1
AT1G47500	AT5G16840	1
AT1G47500	AT5G19350	1
AT1G47500	AT5G43960	1
AT1G47500	AT5G47620	1
AT1G47500	AT5G60980	1
AT1G47500	AT5G61030	1
AT1G47500	AT5G53180	1
AT1G47500	AT1G09810	1
AT1G47500	AT4G27000	1
AT1G48920	AT1G27050	1
AT1G48920	AT1G03360	1
AT1G48920	AT2G31610	1
AT1G48920	AT1G02840	1
AT1G48920	AT1G13190	1
AT1G48920	AT1G16610	1
AT1G48920	AT1G23860	1
AT1G48920	AT5G04430	1
AT1G48920	AT1G48920	1
AT1G48920	AT1G51510	1
AT1G48920	AT1G66260	1
AT1G48920	AT2G14160	1
AT1G48920	AT2G21660	1
AT1G48920	AT2G24590	1
AT1G48920	AT2G37340	1
AT1G48920	AT2G41060	1
AT1G48920	AT2G47580	1
AT1G48920	AT3G04500	1
AT1G48920	AT3G13224	1
AT1G48920	AT3G13570	1
AT1G48920	AT3G19090	1
AT1G48920	AT3G46020	1
AT1G48920	AT3G53500	1
AT1G48920	AT3G55460	1
AT1G48920	AT3G61860	1
AT1G48920	AT3G63450	1
AT1G48920	AT4G24270	1
AT1G48920	AT5G09880	1
AT1G48920	AT5G12190	1
AT1G48920	AT5G16840	1
AT1G48920	AT5G23590	1
AT1G48920	AT5G37720	1
AT1G48920	AT5G42820	1
AT1G48920	AT5G44200	1
AT1G48920	AT5G46840	1
AT1G48920	AT5G52040	1
AT1G48920	AT5G04600	1
AT1G49600	AT2G38610	1
AT1G49600	AT3G08620	1
AT1G49600	AT4G26000	1
AT1G49600	AT5G04430	1
AT1G49600	AT1G13690	1
AT1G49600	AT1G14340	1
AT1G49600	AT1G17370	1
AT1G49600	AT1G20880	1
AT1G49600	AT1G22760	1
AT1G49600	AT1G33470	1
AT1G49600	AT1G47500	1
AT1G49600	AT1G49760	1
AT1G49600	AT1G67950	1
AT1G49600	AT1G78260	1
AT1G49600	AT2G21660	1
AT1G49600	AT2G23350	1
AT1G49600	AT2G37510	1
AT1G49600	AT2G41060	1
AT1G49600	AT2G46780	1
AT1G49600	AT3G06970	1
AT1G49600	AT1G27960	1
AT1G49600	AT3G13700	1
AT1G49600	AT3G14100	1
AT1G49600	AT3G14450	1
AT1G49600	AT3G19090	1
AT1G49600	AT3G19130	1
AT1G49600	AT3G20930	1
AT1G49600	AT4G00830	1
AT1G49600	AT4G13860	1
AT1G49600	AT4G14300	1
AT1G49600	AT4G17720	1
AT1G49600	AT5G16840	1
AT1G49600	AT5G19350	1
AT1G49600	AT5G43960	1
AT1G49600	AT5G47620	1
AT1G49600	AT1G79880	1
AT1G49600	AT5G53180	1
AT1G49600	AT1G09810	1
AT1G49600	AT1G30460	1
AT1G49600	AT4G34110	1
AT1G49600	AT5G66010	1
AT1G49600	AT5G48650	1
AT1G49760	AT2G38610	1
AT1G49760	AT3G08620	1
AT1G49760	AT4G26000	1
AT1G49760	AT5G04430	1
AT1G49760	AT1G03457	1
AT1G49760	AT1G06960	1
AT1G49760	AT1G13690	1
AT1G49760	AT1G14340	1
AT1G49760	AT1G22760	1
AT1G49760	AT1G29400	1
AT1G49760	AT1G51520	1
AT1G49760	AT1G54080	1
AT1G49760	AT1G58470	1
AT1G49760	AT1G67950	1
AT1G49760	AT1G69250	1
AT1G49760	AT1G74230	1
AT1G49760	AT2G21660	1
AT1G49760	AT2G23350	1
AT1G49760	AT2G46780	1
AT1G49760	AT3G06970	1
AT1G49760	AT3G09160	1
AT1G49760	AT3G11400	1
AT1G49760	AT3G13700	1
AT1G49760	AT3G14450	1
AT1G49760	AT3G19130	1
AT1G49760	AT3G45630	1
AT1G49760	AT3G49390	1
AT1G49760	AT3G63450	1
AT1G49760	AT4G03110	1
AT1G49760	AT4G10110	1
AT1G49760	AT4G10610	1
AT1G49760	AT4G13860	1
AT1G49760	AT4G14300	1
AT1G49760	AT5G06210	1
AT1G49760	AT5G12190	1
AT1G49760	AT5G16840	1
AT1G49760	AT5G19350	1
AT1G49760	AT5G43960	1
AT1G49760	AT5G46250	1
AT1G49760	AT5G61030	1
AT1G49760	AT1G43190	1
AT1G49760	AT1G53650	1
AT1G50300	AT3G04610	1
AT1G50300	AT3G12130	1
AT1G50300	AT1G07360	1
AT1G50300	AT1G13690	1
AT1G50300	AT1G16610	1
AT1G50300	AT1G23860	1
AT1G50300	AT1G51510	1
AT1G50300	AT1G66260	1
AT1G50300	AT2G16940	1
AT1G50300	AT2G18510	1
AT1G50300	AT2G24590	1
AT1G50300	AT2G37340	1
AT1G50300	AT2G41060	1
AT1G50300	AT2G43370	1
AT1G50300	AT2G46610	1
AT1G50300	AT3G12640	1
AT1G50300	AT3G13224	1
AT1G50300	AT3G15010	1
AT1G50300	AT3G19090	1
AT1G50300	AT3G55460	1
AT1G50300	AT4G24270	1
AT1G50300	AT5G04280	1
AT1G50300	AT5G19960	1
AT1G50300	AT5G37720	1
AT1G50300	AT5G42820	1
AT1G50300	AT5G52040	1
AT1G50300	AT1G53720	1
AT1G50300	AT5G66010	1
AT1G51510	AT3G12130	1
AT1G51510	AT1G50300	1
AT1G51510	AT1G66260	1
AT1G51510	AT1G67950	1
AT1G51510	AT2G22100	1
AT1G51510	AT2G37340	1
AT1G51510	AT3G12640	1
AT1G51510	AT3G13570	1
AT1G51510	AT3G13700	1
AT1G51510	AT4G03110	1
AT1G51510	AT4G14300	1
AT1G51510	AT4G24770	1
AT1G51510	AT5G16840	1
AT1G51510	AT5G46250	1
AT1G51510	AT5G61030	1
AT1G51510	AT1G53720	1
AT1G54080	AT5G61030	1
AT1G54080	AT4G26650	1
AT1G54080	AT4G27000	1
AT1G54080	AT4G34110	1
AT1G54080	AT4G36960	1
AT1G54080	AT5G66010	1
AT1G54080	AT5G48650	1
AT1G58470	AT5G04430	1
AT1G58470	AT1G03457	1
AT1G58470	AT2G21660	1
AT1G58470	AT2G46780	1
AT1G58470	AT3G06970	1
AT1G60000	AT1G01080	1
AT1G60000	AT1G06960	1
AT1G60000	AT1G18630	1
AT1G60000	AT1G60000	1
AT1G60000	AT1G73530	1
AT1G60000	AT1G74230	1
AT1G60000	AT2G35410	1
AT1G60000	AT2G37220	1
AT1G60000	AT3G08000	1
AT1G60000	AT3G20930	1
AT1G60000	AT3G23830	1
AT1G60000	AT3G52380	1
AT1G60000	AT4G03110	1
AT1G60000	AT4G09040	1
AT1G60000	AT4G20030	1
AT1G60000	AT4G25500	1
AT1G60000	AT3G53460	1
AT1G60000	AT3G52150	1
AT1G60000	AT1G53650	1
AT1G60000	AT5G48650	1
AT1G60650	AT2G21660	1
AT1G60650	AT5G47620	1
AT1G60650	AT1G53650	1
AT1G66260	AT4G24770	1
AT1G66260	AT5G19960	1
AT1G67950	AT5G04430	1
AT1G67950	AT1G02840	1
AT1G67950	AT1G13690	1
AT1G67950	AT1G18630	1
AT1G67950	AT2G37340	1
AT1G67950	AT2G47580	1
AT1G67950	AT5G42820	1
AT1G67950	AT5G61030	1
AT1G69250	AT1G14170	1
AT1G69250	AT4G26000	1
AT1G69250	AT5G04430	1
AT1G69250	AT3G53870	1
AT1G69250	AT2G31610	1
AT1G69250	AT1G13690	1
AT1G69250	AT1G51510	1
AT1G69250	AT1G60000	1
AT1G69250	AT1G69250	1
AT1G69250	AT2G03640	1
AT1G69250	AT2G21660	1
AT1G69250	AT2G24590	1
AT1G69250	AT3G14450	1
AT1G69250	AT3G19090	1
AT1G69250	AT3G52380	1
AT1G69250	AT4G03110	1
AT1G69250	AT4G10610	1
AT1G69250	AT4G13850	1
AT1G69250	AT4G14300	1
AT1G69250	AT4G13860	1
AT1G69250	AT5G19350	1
AT1G69250	AT5G43960	1
AT1G69250	AT5G60980	1
AT1G69250	AT1G09810	1
AT1G69250	AT4G27000	1
AT1G69250	AT1G53650	1
AT1G69250	AT5G48650	1
AT1G71770	AT2G38610	1
AT1G71770	AT3G08620	1
AT1G71770	AT4G26000	1
AT1G71770	AT5G04430	1
AT1G71770	AT1G06960	1
AT1G71770	AT1G13690	1
AT1G71770	AT1G13730	1
AT1G71770	AT1G18630	1
AT1G71770	AT1G22760	1
AT1G71770	AT1G76460	1
AT1G71770	AT2G18510	1
AT1G71770	AT2G21660	1
AT1G71770	AT2G23350	1
AT1G71770	AT2G46780	1
AT1G71770	AT3G06970	1
AT1G71770	AT3G19130	1
AT1G71770	AT4G03110	1
AT1G71770	AT4G13850	1
AT1G71770	AT4G14300	1
AT1G71770	AT5G23590	1
AT1G71770	AT5G19350	1
AT1G71770	AT5G43960	1
AT1G71770	AT5G60980	1
AT1G71770	AT5G65260	1
AT1G71770	AT1G43190	1
AT1G71770	AT5G53180	1
AT1G71770	AT1G09810	1
AT1G71770	AT1G30460	1
AT1G71770	AT4G26650	1
AT1G71770	AT4G27000	1
AT1G72800	AT1G14340	1
AT1G72800	AT1G27650	1
AT1G72800	AT1G51510	1
AT1G72800	AT1G67950	1
AT1G72800	AT1G72800	1
AT1G72800	AT2G14160	1
AT1G72800	AT2G21660	1
AT1G72800	AT2G46780	1
AT1G72800	AT1G27960	1
AT1G72800	AT3G13700	1
AT1G72800	AT3G19090	1
AT1G72800	AT4G03110	1
AT1G72800	AT5G04210	1
AT1G72800	AT5G43960	1
AT1G72800	AT5G44200	1
AT1G73530	AT1G01080	1
AT1G73530	AT1G60000	1
AT1G73530	AT3G20930	1
AT1G73530	AT4G09040	1
AT1G73530	AT4G20030	1
AT1G73530	AT4G25500	1
AT1G73530	AT3G53460	1
AT1G73530	AT3G52150	1
AT1G74230	AT5G04430	1
AT1G74230	AT1G01080	1
AT1G74230	AT1G13730	1
AT1G74230	AT1G18630	1
AT1G74230	AT1G22760	1
AT1G74230	AT1G29400	1
AT1G74230	AT1G51510	1
AT1G74230	AT1G60000	1
AT1G74230	AT1G67950	1
AT1G74230	AT1G74230	1
AT1G74230	AT1G76460	1
AT1G74230	AT2G21660	1
AT1G74230	AT2G27330	1
AT1G74230	AT2G37220	1
AT1G74230	AT2G37510	1
AT1G74230	AT3G06970	1
AT1G74230	AT3G23830	1
AT1G74230	AT3G55460	1
AT1G74230	AT4G03110	1
AT1G74230	AT4G09040	1
AT1G74230	AT4G13850	1
AT1G74230	AT4G14300	1
AT1G74230	AT4G25500	1
AT1G74230	AT5G06210	1
AT1G74230	AT5G12190	1
AT1G74230	AT5G43960	1
AT1G74230	AT5G54580	1
AT1G74230	AT5G60980	1
AT1G76460	AT2G38610	1
AT1G76460	AT3G08620	1
AT1G76460	AT5G04430	1
AT1G76460	AT1G30960	1
AT1G76460	AT1G03457	1
AT1G76460	AT1G06960	1
AT1G76460	AT1G17370	1
AT1G76460	AT1G20880	1
AT1G76460	AT1G22760	1
AT1G76460	AT1G33470	1
AT1G76460	AT1G47490	1
AT1G76460	AT1G47500	1
AT1G76460	AT1G54080	1
AT1G76460	AT1G76460	1
AT1G76460	AT1G78260	1
AT1G76460	AT2G05160	1
AT1G76460	AT2G21660	1
AT1G76460	AT2G46780	1
AT1G76460	AT3G06970	1
AT1G76460	AT3G13700	1
AT1G76460	AT3G14100	1
AT1G76460	AT3G14450	1
AT1G76460	AT3G19090	1
AT1G76460	AT3G19130	1
AT1G76460	AT3G63450	1
AT1G76460	AT4G03110	1
AT1G76460	AT4G10610	1
AT1G76460	AT4G13860	1
AT1G76460	AT4G14300	1
AT1G76460	AT5G19350	1
AT1G76460	AT5G43960	1
AT1G76460	AT5G46250	1
AT1G76460	AT5G47620	1
AT1G76460	AT5G54580	1
AT1G76460	AT5G60980	1
AT1G76460	AT1G09810	1
AT1G76460	AT4G26650	1
AT1G76460	AT4G34110	1
AT1G76460	AT1G53650	1
AT1G76460	AT5G48650	1
AT1G76940	AT1G09140	1
AT1G76940	AT1G16610	1
AT1G76940	AT1G66260	1
AT1G76940	AT2G21660	1
AT1G76940	AT2G28540	1
AT1G76940	AT2G35410	1
AT1G76940	AT3G04500	1
AT1G76940	AT3G15010	1
AT1G76940	AT3G45630	1
AT1G76940	AT3G56860	1
AT1G76940	AT4G03110	1
AT1G76940	AT4G09040	1
AT1G76940	AT4G13860	1
AT1G76940	AT5G18810	1
AT1G76940	AT5G19960	1
AT1G76940	AT5G23590	1
AT1G76940	AT5G65260	1
AT1G76940	AT4G36960	1
AT1G76940	AT5G66010	1
AT1G78260	AT1G14170	1
AT1G78260	AT2G38610	1
AT1G78260	AT3G08620	1
AT1G78260	AT4G26000	1
AT1G78260	AT5G04430	1
AT1G78260	AT1G30960	1
AT1G78260	AT2G31610	1
AT1G78260	AT1G01080	1
AT1G78260	AT1G03457	1
AT1G78260	AT1G06960	1
AT1G78260	AT1G11650	1
AT1G78260	AT1G13690	1
AT1G78260	AT1G13730	1
AT1G78260	AT1G14340	1
AT1G78260	AT1G17370	1
AT1G78260	AT1G20880	1
AT1G78260	AT1G22760	1
AT1G78260	AT1G27650	1
AT1G78260	AT1G33470	1
AT1G78260	AT1G47490	1
AT1G78260	AT1G47500	1
AT1G78260	AT1G48920	1
AT1G78260	AT1G49600	1
AT1G78260	AT1G49760	1
AT1G78260	AT1G51510	1
AT1G78260	AT1G54080	1
AT1G78260	AT1G58470	1
AT1G78260	AT1G67950	1
AT1G78260	AT1G69250	1
AT1G78260	AT1G74230	1
AT1G78260	AT1G76460	1
AT1G78260	AT1G78260	1
AT1G78260	AT2G05160	1
AT1G78260	AT2G14160	1
AT1G78260	AT2G18510	1
AT1G78260	AT2G21660	1
AT1G78260	AT2G23350	1
AT1G78260	AT2G46780	1
AT1G78260	AT3G06970	1
AT1G78260	AT3G09160	1
AT1G78260	AT3G13700	1
AT1G78260	AT3G14100	1
AT1G78260	AT3G14450	1
AT1G78260	AT3G19090	1
AT1G78260	AT3G19130	1
AT1G78260	AT3G46020	1
AT1G78260	AT3G49390	1
AT1G78260	AT3G55460	1
AT1G78260	AT3G63450	1
AT1G78260	AT4G03110	1
AT1G78260	AT4G10610	1
AT1G78260	AT4G13860	1
AT1G78260	AT4G14300	1
AT1G78260	AT5G06210	1
AT1G78260	AT5G12190	1
AT1G78260	AT5G16840	1
AT1G78260	AT5G19350	1
AT1G78260	AT5G42820	1
AT1G78260	AT5G43960	1
AT1G78260	AT5G46250	1
AT1G78260	AT5G47620	1
AT1G78260	AT1G43190	1
AT1G78260	AT5G53180	1
AT1G78260	AT1G09810	1
AT1G78260	AT1G30460	1
AT1G78260	AT4G26650	1
AT1G78260	AT4G34110	1
AT1G78260	AT5G48650	1
AT2G03640	AT3G08620	1
AT2G03640	AT4G26000	1
AT2G03640	AT5G04430	1
AT2G03640	AT1G30960	1
AT2G03640	AT1G03457	1
AT2G03640	AT1G06960	1
AT2G03640	AT1G09140	1
AT2G03640	AT1G51510	1
AT2G03640	AT1G54080	1
AT2G03640	AT1G74230	1
AT2G03640	AT1G76460	1
AT2G03640	AT1G78260	1
AT2G03640	AT2G03640	1
AT2G03640	AT2G14160	1
AT2G03640	AT2G21440	1
AT2G03640	AT2G21660	1
AT2G03640	AT2G22090	1
AT2G03640	AT2G42240	1
AT2G03640	AT2G46610	1
AT2G03640	AT3G13570	1
AT2G03640	AT3G13700	1
AT2G03640	AT3G14450	1
AT2G03640	AT3G49390	1
AT2G03640	AT3G55460	1
AT2G03640	AT5G19350	1
AT2G03640	AT5G43960	1
AT2G03640	AT5G46250	1
AT2G03640	AT5G60980	1
AT2G03640	AT5G61030	1
AT2G03640	AT1G43190	1
AT2G03640	AT4G26650	1
AT2G03640	AT1G53650	1
AT2G03640	AT5G48650	1
AT2G05160	AT4G26000	1
AT2G05160	AT5G04430	1
AT2G05160	AT1G03457	1
AT2G05160	AT1G20880	1
AT2G05160	AT1G22760	1
AT2G05160	AT1G78260	1
AT2G05160	AT2G03640	1
AT2G05160	AT2G05160	1
AT2G05160	AT2G18510	1
AT2G05160	AT2G21660	1
AT2G05160	AT2G46780	1
AT2G05160	AT1G27960	1
AT2G05160	AT3G13700	1
AT2G05160	AT3G14450	1
AT2G05160	AT3G19090	1
AT2G05160	AT3G19130	1
AT2G05160	AT5G43960	1
AT2G05160	AT5G46870	1
AT2G05160	AT5G47620	1
AT2G05160	AT1G53650	1
AT2G05160	AT5G48650	1
AT2G14160	AT5G04430	1
AT2G14160	AT2G25355	1
AT2G14160	AT1G03360	1
AT2G14160	AT1G13690	1
AT2G14160	AT1G67950	1
AT2G14160	AT1G72800	1
AT2G14160	AT1G78260	1
AT2G14160	AT2G14160	1
AT2G14160	AT2G21660	1
AT2G14160	AT3G13700	1
AT2G14160	AT3G46020	1
AT2G14160	AT4G13860	1
AT2G14160	AT4G17720	1
AT2G14160	AT4G20030	1
AT2G14160	AT5G04210	1
AT2G14160	AT5G12190	1
AT2G14160	AT5G16840	1
AT2G14160	AT5G48650	1
AT2G16940	AT1G23860	1
AT2G16940	AT2G37340	1
AT2G16940	AT2G46610	1
AT2G16940	AT3G13224	1
AT2G16940	AT3G13570	1
AT2G16940	AT3G15010	1
AT2G18510	AT3G08620	1
AT2G18510	AT4G26000	1
AT2G18510	AT1G30960	1
AT2G18510	AT1G03457	1
AT2G18510	AT1G06960	1
AT2G18510	AT1G13690	1
AT2G18510	AT1G13730	1
AT2G18510	AT2G22090	1
AT2G18510	AT3G63450	1
AT2G18510	AT4G03110	1
AT2G18510	AT5G43960	1
AT2G18510	AT5G47620	1
AT2G18510	AT4G26650	1
AT2G18510	AT3G53460	1
AT2G18510	AT5G66010	1
AT2G18510	AT1G53650	1
AT2G21660	AT2G38610	1
AT2G21660	AT3G04610	1
AT2G21660	AT3G08620	1
AT2G21660	AT4G26000	1
AT2G21660	AT5G04430	1
AT2G21660	AT1G30960	1
AT2G21660	AT3G53870	1
AT2G21660	AT2G31610	1
AT2G21660	AT2G25355	1
AT2G21660	AT1G01080	1
AT2G21660	AT1G06960	1
AT2G21660	AT1G13690	1
AT2G21660	AT1G13730	1
AT2G21660	AT1G14340	1
AT2G21660	AT1G20880	1
AT2G21660	AT1G22760	1
AT2G21660	AT1G29400	1
AT2G21660	AT1G33470	1
AT2G21660	AT1G47490	1
AT2G21660	AT1G47500	1
AT2G21660	AT1G49760	1
AT2G21660	AT1G51510	1
AT2G21660	AT1G66260	1
AT2G21660	AT1G67950	1
AT2G21660	AT1G69250	1
AT2G21660	AT1G76460	1
AT2G21660	AT1G78260	1
AT2G21660	AT2G03640	1
AT2G21660	AT2G05160	1
AT2G21660	AT2G18510	1
AT2G21660	AT2G21660	1
AT2G21660	AT2G23350	1
AT2G21660	AT2G46780	1
AT2G21660	AT3G11400	1
AT2G21660	AT3G13700	1
AT2G21660	AT3G14450	1
AT2G21660	AT3G19090	1
AT2G21660	AT3G19130	1
AT2G21660	AT3G46020	1
AT2G21660	AT3G49390	1
AT2G21660	AT3G63450	1
AT2G21660	AT4G00830	1
AT2G21660	AT4G03110	1
AT2G21660	AT4G13850	1
AT2G21660	AT4G13860	1
AT2G21660	AT4G14300	1
AT2G21660	AT4G17720	1
AT2G21660	AT5G12190	1
AT2G21660	AT5G16840	1
AT2G21660	AT5G18810	1
AT2G21660	AT5G19350	1
AT2G21660	AT5G43960	1
AT2G21660	AT5G47620	1
AT2G21660	AT5G60980	1
AT2G21660	AT5G61030	1
AT2G21660	AT4G27000	1
AT2G21660	AT4G34110	1
AT2G21660	AT1G53650	1
AT2G21660	AT4G11970	1
AT2G22100	AT5G04430	1
AT2G22100	AT1G03360	1
AT2G22100	AT1G02840	1
AT2G22100	AT1G09140	1
AT2G22100	AT1G13690	1
AT2G22100	AT1G16610	1
AT2G22100	AT1G23860	1
AT2G22100	AT1G27650	1
AT2G22100	AT1G60650	1
AT2G22100	AT1G66260	1
AT2G22100	AT1G67950	1
AT2G22100	AT1G69250	1
AT2G22100	AT2G46610	1
AT2G22100	AT3G53500	1
AT2G22100	AT4G13860	1
AT2G22100	AT4G14300	1
AT2G22100	AT4G24770	1
AT2G22100	AT5G19960	1
AT2G22100	AT5G23590	1
AT2G23350	AT2G38610	1
AT2G23350	AT3G08620	1
AT2G23350	AT4G26000	1
AT2G23350	AT5G04430	1
AT2G23350	AT1G17370	1
AT2G23350	AT1G20880	1
AT2G23350	AT1G22760	1
AT2G23350	AT1G33470	1
AT2G23350	AT1G47490	1
AT2G23350	AT1G66260	1
AT2G23350	AT1G67950	1
AT2G23350	AT1G74230	1
AT2G23350	AT1G76460	1
AT2G23350	AT1G78260	1
AT2G23350	AT2G03640	1
AT2G23350	AT2G05160	1
AT2G23350	AT2G14160	1
AT2G23350	AT2G18510	1
AT2G23350	AT2G21660	1
AT2G23350	AT2G22090	1
AT2G23350	AT2G23350	1
AT2G23350	AT2G46610	1
AT2G23350	AT2G46780	1
AT2G23350	AT3G06970	1
AT2G23350	AT3G09160	1
AT2G23350	AT3G13700	1
AT2G23350	AT3G19090	1
AT2G23350	AT3G19130	1
AT2G23350	AT3G49390	1
AT2G23350	AT4G03110	1
AT2G23350	AT4G10610	1
AT2G23350	AT4G13860	1
AT2G23350	AT5G12190	1
AT2G23350	AT5G16840	1
AT2G23350	AT1G43190	1
AT2G23350	AT5G53180	1
AT2G23350	AT1G09810	1
AT2G23350	AT1G30460	1
AT2G23350	AT1G53650	1
AT2G23350	AT5G48650	1
AT2G24590	AT1G02840	1
AT2G24590	AT1G09140	1
AT2G24590	AT1G22910	1
AT2G24590	AT1G23860	1
AT2G24590	AT2G21660	1
AT2G24590	AT2G37340	1
AT2G24590	AT2G43370	1
AT2G24590	AT3G55460	1
AT2G24590	AT3G61860	1
AT2G24590	AT4G17720	1
AT2G24590	AT4G35785	1
AT2G24590	AT5G09880	1
AT2G24590	AT4G26650	1
AT2G27330	AT4G26000	1
AT2G27330	AT1G01080	1
AT2G27330	AT2G35410	1
AT2G27330	AT3G52380	1
AT2G27330	AT4G09040	1
AT2G27330	AT3G53460	1
AT2G29580	AT5G04430	1
AT2G29580	AT5G06770	1
AT2G29580	AT1G02840	1
AT2G29580	AT1G03457	1
AT2G29580	AT1G09140	1
AT2G29580	AT1G11650	1
AT2G29580	AT1G13690	1
AT2G29580	AT1G16610	1
AT2G29580	AT1G17370	1
AT2G29580	AT1G23860	1
AT2G29580	AT1G27050	1
AT2G29580	AT1G27650	1
AT2G29580	AT1G78260	1
AT2G29580	AT2G21660	1
AT2G29580	AT2G24590	1
AT2G29580	AT2G41060	1
AT2G29580	AT2G47580	1
AT2G29580	AT3G53500	1
AT2G29580	AT3G55460	1
AT2G29580	AT3G56860	1
AT2G29580	AT3G61860	1
AT2G29580	AT4G00830	1
AT2G29580	AT4G03110	1
AT2G29580	AT5G12190	1
AT2G29580	AT5G16840	1
AT2G29580	AT5G19350	1
AT2G29580	AT5G19960	1
AT2G29580	AT5G23590	1
AT2G29580	AT5G25060	1
AT2G29580	AT5G32450	1
AT2G29580	AT5G42820	1
AT2G29580	AT5G44200	1
AT2G29580	AT5G46250	1
AT2G29580	AT5G52040	1
AT2G29580	AT1G37140	1
AT2G29580	AT1G43190	1
AT2G29580	AT5G53180	1
AT2G29580	AT1G09810	1
AT2G30260	AT1G13690	1
AT2G30260	AT1G27050	1
AT2G30260	AT1G33470	1
AT2G30260	AT2G03640	1
AT2G30260	AT2G21660	1
AT2G30260	AT2G24590	1
AT2G30260	AT2G37220	1
AT2G30260	AT3G53500	1
AT2G30260	AT4G00830	1
AT2G30260	AT4G09040	1
AT2G30260	AT4G14300	1
AT2G30260	AT4G25500	1
AT2G30260	AT5G66010	1
AT2G35410	AT1G01080	1
AT2G35410	AT1G60000	1
AT2G35410	AT2G37220	1
AT2G35410	AT4G09040	1
AT2G35410	AT4G25500	1
AT2G35410	AT3G52150	1
AT2G37220	AT1G01080	1
AT2G37220	AT1G60000	1
AT2G37220	AT1G73530	1
AT2G37220	AT2G35410	1
AT2G37220	AT2G37220	1
AT2G37220	AT3G11400	1
AT2G37220	AT3G20930	1
AT2G37220	AT4G09040	1
AT2G37220	AT4G25500	1
AT2G37220	AT5G61030	1
AT2G37220	AT3G53460	1
AT2G37220	AT3G52150	1
AT2G37340	AT5G04430	1
AT2G37340	AT1G09140	1
AT2G37340	AT1G67950	1
AT2G37340	AT1G69250	1
AT2G37340	AT2G37340	1
AT2G37340	AT2G46610	1
AT2G37340	AT2G47580	1
AT2G37340	AT3G53500	1
AT2G37340	AT3G55460	1
AT2G37340	AT4G03110	1
AT2G37340	AT4G26650	1
AT2G37340	AT1G53720	1
AT2G37340	AT4G34110	1
AT2G37340	AT4G36960	1
AT2G37340	AT5G66010	1
AT2G41060	AT4G26000	1
AT2G41060	AT5G04430	1
AT2G41060	AT1G30960	1
AT2G41060	AT1G06960	1
AT2G41060	AT1G09230	1
AT2G41060	AT1G13190	1
AT2G41060	AT1G13690	1
AT2G41060	AT1G76460	1
AT2G41060	AT1G78260	1
AT2G41060	AT2G21660	1
AT2G41060	AT2G29580	1
AT2G41060	AT2G37340	1
AT2G41060	AT2G41060	1
AT2G41060	AT2G46780	1
AT2G41060	AT3G14100	1
AT2G41060	AT3G14450	1
AT2G41060	AT3G15010	1
AT2G41060	AT3G63450	1
AT2G41060	AT4G03110	1
AT2G41060	AT4G10110	1
AT2G41060	AT4G10610	1
AT2G41060	AT4G13860	1
AT2G41060	AT4G14300	1
AT2G41060	AT5G16840	1
AT2G41060	AT5G19350	1
AT2G41060	AT5G23590	1
AT2G41060	AT5G37720	1
AT2G41060	AT5G43960	1
AT2G41060	AT5G47620	1
AT2G41060	AT1G43190	1
AT2G41060	AT5G53180	1
AT2G41060	AT1G09810	1
AT2G42240	AT4G10070	1
AT2G42240	AT1G09230	1
AT2G42240	AT1G13190	1
AT2G42240	AT1G13690	1
AT2G42240	AT1G16610	1
AT2G42240	AT1G50300	1
AT2G42240	AT1G60000	1
AT2G42240	AT1G66260	1
AT2G42240	AT2G21660	1
AT2G42240	AT3G04500	1
AT2G42240	AT3G13224	1
AT2G42240	AT3G13570	1
AT2G42240	AT3G53500	1
AT2G42240	AT3G55460	1
AT2G42240	AT4G13860	1
AT2G42240	AT5G10350	1
AT2G42240	AT5G12190	1
AT2G42240	AT5G16840	1
AT2G42240	AT5G18810	1
AT2G42240	AT5G37720	1
AT2G42240	AT5G42820	1
AT2G42240	AT5G47620	1
AT2G42240	AT5G51120	1
AT2G42240	AT5G65260	1
AT2G42240	AT1G43190	1
AT2G42240	AT5G53180	1
AT2G42240	AT1G09810	1
AT2G43370	AT3G12130	1
AT2G43370	AT1G02840	1
AT2G43370	AT1G13190	1
AT2G43370	AT1G67950	1
AT2G43370	AT2G37340	1
AT2G43370	AT2G46610	1
AT2G43370	AT3G10400	1
AT2G43370	AT3G15010	1
AT2G43370	AT3G53500	1
AT2G43370	AT3G55460	1
AT2G43370	AT3G61860	1
AT2G43370	AT5G10350	1
AT2G43370	AT5G18810	1
AT2G43370	AT5G37720	1
AT2G43370	AT5G42820	1
AT2G43370	AT5G46840	1
AT2G43370	AT5G50250	1
AT2G43370	AT5G65260	1
AT2G43370	AT3G53460	1
AT2G43370	AT1G53720	1
AT2G43370	AT4G36960	1
AT2G43370	AT5G66010	1
AT2G46610	AT1G14170	1
AT2G46610	AT3G08620	1
AT2G46610	AT5G04430	1
AT2G46610	AT5G06770	1
AT2G46610	AT1G09140	1
AT2G46610	AT1G13190	1
AT2G46610	AT1G13730	1
AT2G46610	AT2G03640	1
AT2G46610	AT2G21660	1
AT2G46610	AT2G24590	1
AT2G46610	AT2G37340	1
AT2G46610	AT2G37510	1
AT2G46610	AT2G46610	1
AT2G46610	AT3G04500	1
AT2G46610	AT3G09160	1
AT2G46610	AT3G10400	1
AT2G46610	AT3G13570	1
AT2G46610	AT3G19090	1
AT2G46610	AT3G46020	1
AT2G46610	AT3G53500	1
AT2G46610	AT3G55460	1
AT2G46610	AT3G61860	1
AT2G46610	AT3G63450	1
AT2G46610	AT4G13860	1
AT2G46610	AT4G14300	1
AT2G46610	AT5G09880	1
AT2G46610	AT5G16840	1
AT2G46610	AT5G43960	1
AT2G46610	AT5G47620	1
AT2G46610	AT5G52040	1
AT2G46610	AT5G60980	1
AT2G46610	AT4G26650	1
AT2G46610	AT4G27000	1
AT2G46780	AT2G25970	1
AT2G46780	AT2G38610	1
AT2G46780	AT3G08620	1
AT2G46780	AT4G26000	1
AT2G46780	AT5G04430	1
AT2G46780	AT1G30960	1
AT2G46780	AT3G53870	1
AT2G46780	AT2G25355	1
AT2G46780	AT1G01080	1
AT2G46780	AT1G03457	1
AT2G46780	AT1G06960	1
AT2G46780	AT1G13690	1
AT2G46780	AT1G13730	1
AT2G46780	AT1G17370	1
AT2G46780	AT1G20880	1
AT2G46780	AT1G22760	1
AT2G46780	AT1G33470	1
AT2G46780	AT1G47490	1
AT2G46780	AT1G47500	1
AT2G46780	AT1G49600	1
AT2G46780	AT1G49760	1
AT2G46780	AT1G51510	1
AT2G46780	AT1G67950	1
AT2G46780	AT1G74230	1
AT2G46780	AT1G76460	1
AT2G46780	AT1G78260	1
AT2G46780	AT2G03640	1
AT2G46780	AT2G05160	1
AT2G46780	AT2G14160	1
AT2G46780	AT2G18510	1
AT2G46780	AT2G21660	1
AT2G46780	AT2G23350	1
AT2G46780	AT2G27330	1
AT2G46780	AT2G46780	1
AT2G46780	AT3G06970	1
AT2G46780	AT1G27960	1
AT2G46780	AT3G11400	1
AT2G46780	AT3G13700	1
AT2G46780	AT3G14100	1
AT2G46780	AT3G19090	1
AT2G46780	AT3G19130	1
AT2G46780	AT3G46020	1
AT2G46780	AT3G49390	1
AT2G46780	AT3G63450	1
AT2G46780	AT4G03110	1
AT2G46780	AT4G13860	1
AT2G46780	AT4G14300	1
AT2G46780	AT4G17720	1
AT2G46780	AT5G16840	1
AT2G46780	AT5G19350	1
AT2G46780	AT5G43960	1
AT2G46780	AT5G46250	1
AT2G46780	AT5G47620	1
AT2G46780	AT5G61030	1
AT2G46780	AT5G65260	1
AT2G46780	AT1G43190	1
AT2G46780	AT5G53180	1
AT2G46780	AT1G09810	1
AT2G46780	AT4G26650	1
AT2G46780	AT3G53460	1
AT2G46780	AT4G27000	1
AT2G46780	AT4G34110	1
AT2G46780	AT1G53650	1
AT2G46780	AT5G48650	1
AT2G47310	AT3G12130	1
AT2G47310	AT1G02840	1
AT2G47310	AT1G09230	1
AT2G47310	AT1G51510	1
AT2G47310	AT1G67950	1
AT2G47310	AT2G29580	1
AT2G47310	AT2G37340	1
AT2G47310	AT3G04500	1
AT2G47310	AT3G53500	1
AT2G47310	AT5G09880	1
AT2G47310	AT5G16840	1
AT2G47310	AT5G65260	1
AT2G47310	AT1G09810	1
AT2G47580	AT3G12130	1
AT2G47580	AT4G26000	1
AT2G47580	AT1G02840	1
AT2G47580	AT1G06960	1
AT2G47580	AT1G09230	1
AT2G47580	AT1G13690	1
AT2G47580	AT1G16610	1
AT2G47580	AT1G23860	1
AT2G47580	AT1G48920	1
AT2G47580	AT1G50300	1
AT2G47580	AT1G51510	1
AT2G47580	AT1G66260	1
AT2G47580	AT1G71800	1
AT2G47580	AT1G72800	1
AT2G47580	AT2G24590	1
AT2G47580	AT2G29580	1
AT2G47580	AT2G46610	1
AT2G47580	AT3G04500	1
AT2G47580	AT3G09160	1
AT2G47580	AT3G10400	1
AT2G47580	AT3G13700	1
AT2G47580	AT3G19090	1
AT2G47580	AT3G46020	1
AT2G47580	AT3G55460	1
AT2G47580	AT4G03110	1
AT2G47580	AT4G13860	1
AT2G47580	AT4G14300	1
AT2G47580	AT4G24270	1
AT2G47580	AT4G24770	1
AT2G47580	AT5G09880	1
AT2G47580	AT5G10350	1
AT2G47580	AT5G12190	1
AT2G47580	AT5G16840	1
AT2G47580	AT5G18810	1
AT2G47580	AT5G23590	1
AT2G47580	AT5G46250	1
AT2G47580	AT5G65260	1
AT2G47580	AT1G43190	1
AT3G01210	AT1G14170	1
AT3G01210	AT4G26000	1
AT3G01210	AT1G13690	1
AT3G01210	AT1G14340	1
AT3G01210	AT1G67950	1
AT3G01210	AT1G72800	1
AT3G01210	AT1G78260	1
AT3G01210	AT2G37340	1
AT3G01210	AT2G46780	1
AT3G01210	AT3G01210	1
AT3G01210	AT3G13700	1
AT3G01210	AT3G46020	1
AT3G01210	AT4G13860	1
AT3G01210	AT4G17720	1
AT3G01210	AT5G46250	1
AT3G01210	AT1G43190	1
AT3G01210	AT5G53180	1
AT3G01210	AT1G09810	1
AT3G04500	AT3G12130	1
AT3G04500	AT5G04430	1
AT3G04500	AT5G06770	1
AT3G04500	AT1G03360	1
AT3G04500	AT1G02840	1
AT3G04500	AT1G13190	1
AT3G04500	AT1G13690	1
AT3G04500	AT1G16610	1
AT3G04500	AT1G51510	1
AT3G04500	AT2G14160	1
AT3G04500	AT2G16940	1
AT3G04500	AT2G22090	1
AT3G04500	AT2G27330	1
AT3G04500	AT2G29580	1
AT3G04500	AT2G30260	1
AT3G04500	AT2G42240	1
AT3G04500	AT2G43370	1
AT3G04500	AT2G47580	1
AT3G04500	AT3G04500	1
AT3G04500	AT3G10400	1
AT3G04500	AT3G11400	1
AT3G04500	AT3G13224	1
AT3G04500	AT3G13570	1
AT3G04500	AT5G16840	1
AT3G04500	AT5G23590	1
AT3G04500	AT5G42820	1
AT3G04500	AT5G52040	1
AT3G04500	AT5G65260	1
AT3G04500	AT5G53180	1
AT3G04500	AT4G26650	1
AT3G04500	AT5G04600	1
AT3G06970	AT5G04430	1
AT3G06970	AT1G30960	1
AT3G06970	AT1G03457	1
AT3G06970	AT1G06960	1
AT3G06970	AT1G13690	1
AT3G06970	AT1G14340	1
AT3G06970	AT1G22760	1
AT3G06970	AT1G33470	1
AT3G06970	AT1G47490	1
AT3G06970	AT1G47500	1
AT3G06970	AT1G49760	1
AT3G06970	AT1G67950	1
AT3G06970	AT1G78260	1
AT3G06970	AT2G14160	1
AT3G06970	AT2G18510	1
AT3G06970	AT2G21660	1
AT3G06970	AT2G46780	1
AT3G06970	AT3G09160	1
AT3G06970	AT1G27960	1
AT3G06970	AT3G46020	1
AT3G06970	AT3G53500	1
AT3G06970	AT3G63450	1
AT3G06970	AT4G00830	1
AT3G06970	AT4G03110	1
AT3G06970	AT4G13860	1
AT3G06970	AT5G16840	1
AT3G06970	AT5G19350	1
AT3G06970	AT5G61030	1
AT3G06970	AT4G27000	1
AT3G06970	AT4G34110	1
AT3G08000	AT3G08620	1
AT3G08000	AT5G04430	1
AT3G08000	AT1G30960	1
AT3G08000	AT1G01080	1
AT3G08000	AT1G73530	1
AT3G08000	AT2G37220	1
AT3G08000	AT2G46780	1
AT3G08000	AT3G23830	1
AT3G08000	AT3G52380	1
AT3G08000	AT4G09040	1
AT3G08000	AT4G31580	1
AT3G08000	AT5G16840	1
AT3G08000	AT5G54580	1
AT3G08000	AT3G53460	1
AT3G09160	AT2G25355	1
AT3G09160	AT1G14340	1
AT3G09160	AT1G51510	1
AT3G09160	AT3G09160	1
AT3G09160	AT3G46020	1
AT3G09160	AT4G13860	1
AT3G09160	AT4G17720	1
AT3G09160	AT5G16840	1
AT3G10400	AT5G64390	1
AT3G10400	AT2G25355	1
AT3G10400	AT1G03360	1
AT3G10400	AT1G02840	1
AT3G10400	AT1G09230	1
AT3G10400	AT1G13690	1
AT3G10400	AT1G27650	1
AT3G10400	AT1G50300	1
AT3G10400	AT1G51510	1
AT3G10400	AT1G66260	1
AT3G10400	AT1G67950	1
AT3G10400	AT2G21660	1
AT3G10400	AT2G29580	1
AT3G10400	AT2G30260	1
AT3G10400	AT2G37340	1
AT3G10400	AT3G04500	1
AT3G10400	AT3G10400	1
AT3G10400	AT3G11400	1
AT3G10400	AT3G12640	1
AT3G10400	AT3G13224	1
AT3G10400	AT3G19090	1
AT3G10400	AT4G24770	1
AT3G10400	AT5G09880	1
AT3G10400	AT5G16840	1
AT3G10400	AT5G18810	1
AT3G10400	AT5G23590	1
AT3G10400	AT5G32450	1
AT3G10400	AT5G37720	1
AT3G10400	AT5G42820	1
AT3G10400	AT5G46840	1
AT3G10400	AT5G65260	1
AT1G27960	AT5G04430	1
AT1G27960	AT2G25355	1
AT1G27960	AT4G26000	1
AT1G27960	AT1G03457	1
AT1G27960	AT1G06960	1
AT1G27960	AT1G51510	1
AT1G27960	AT2G21660	1
AT1G27960	AT2G46780	1
AT1G27960	AT3G06970	1
AT1G27960	AT3G63450	1
AT1G27960	AT4G03110	1
AT1G27960	AT4G13860	1
AT1G27960	AT5G16840	1
AT1G27960	AT1G09810	1
AT1G27960	AT5G48650	1
AT3G11400	AT1G14170	1
AT3G11400	AT4G26000	1
AT3G11400	AT5G04430	1
AT3G11400	AT1G30960	1
AT3G11400	AT3G53870	1
AT3G11400	AT2G31610	1
AT3G11400	AT1G13190	1
AT3G11400	AT1G13690	1
AT3G11400	AT1G13730	1
AT3G11400	AT1G14340	1
AT3G11400	AT1G17370	1
AT3G11400	AT1G20880	1
AT3G11400	AT1G22760	1
AT3G11400	AT1G47500	1
AT3G11400	AT1G49760	1
AT3G11400	AT1G67950	1
AT3G11400	AT1G69250	1
AT3G11400	AT1G72800	1
AT3G11400	AT1G78260	1
AT3G11400	AT2G14160	1
AT3G11400	AT2G21660	1
AT3G11400	AT2G23350	1
AT3G11400	AT2G27330	1
AT3G11400	AT3G06970	1
AT3G11400	AT3G09160	1
AT3G11400	AT3G13700	1
AT3G11400	AT3G19090	1
AT3G11400	AT3G46020	1
AT3G11400	AT3G63450	1
AT3G11400	AT4G13860	1
AT3G11400	AT4G14300	1
AT3G11400	AT5G04280	1
AT3G11400	AT5G06210	1
AT3G11400	AT5G09880	1
AT3G11400	AT5G12190	1
AT3G11400	AT5G16260	1
AT3G11400	AT5G16840	1
AT3G11400	AT5G18810	1
AT3G11400	AT5G19350	1
AT3G11400	AT5G25060	1
AT3G11400	AT5G43960	1
AT3G11400	AT5G46250	1
AT3G11400	AT5G46840	1
AT3G11400	AT5G47620	1
AT3G11400	AT1G43190	1
AT3G11400	AT4G26650	1
AT3G13224	AT1G23860	1
AT3G13224	AT1G47490	1
AT3G13224	AT1G50300	1
AT3G13224	AT1G51510	1
AT3G13224	AT1G58470	1
AT3G13224	AT1G71800	1
AT3G13224	AT2G21660	1
AT3G13224	AT2G29580	1
AT3G13224	AT2G42240	1
AT3G13224	AT2G46610	1
AT3G13224	AT3G04500	1
AT3G13224	AT3G15010	1
AT3G13224	AT4G14300	1
AT3G13224	AT5G37720	1
AT3G13224	AT5G65260	1
AT3G13224	AT1G43190	1
AT3G13224	AT1G30460	1
AT3G13224	AT4G26650	1
AT3G13224	AT5G02530	1
AT3G13570	AT3G08620	1
AT3G13570	AT5G04430	1
AT3G13570	AT5G64390	1
AT3G13570	AT1G30960	1
AT3G13570	AT1G03360	1
AT3G13570	AT1G02840	1
AT3G13570	AT1G13690	1
AT3G13570	AT1G23860	1
AT3G13570	AT1G27650	1
AT3G13570	AT1G48920	1
AT3G13570	AT1G50300	1
AT3G13570	AT1G51510	1
AT3G13570	AT1G66260	1
AT3G13570	AT2G16940	1
AT3G13570	AT2G24590	1
AT3G13570	AT2G29580	1
AT3G13570	AT2G30260	1
AT3G13570	AT2G37340	1
AT3G13570	AT2G47310	1
AT3G13570	AT3G04500	1
AT3G13570	AT3G10400	1
AT3G13570	AT3G53500	1
AT3G13570	AT3G56860	1
AT3G13570	AT3G61860	1
AT3G13570	AT4G13860	1
AT3G13570	AT4G17720	1
AT3G13570	AT5G16840	1
AT3G13570	AT5G18810	1
AT3G13570	AT5G19350	1
AT3G13570	AT5G19960	1
AT3G13570	AT5G23590	1
AT3G13570	AT5G47620	1
AT3G13570	AT5G52040	1
AT3G13570	AT5G61020	1
AT3G13700	AT1G30960	1
AT3G13700	AT1G13690	1
AT3G13700	AT1G13730	1
AT3G13700	AT1G14340	1
AT3G13700	AT3G09160	1
AT3G13700	AT3G13700	1
AT3G13700	AT3G46020	1
AT3G13700	AT4G17720	1
AT3G13700	AT5G47620	1
AT3G13700	AT5G61030	1
AT3G14100	AT1G14170	1
AT3G14100	AT3G08620	1
AT3G14100	AT1G30960	1
AT3G14100	AT1G14340	1
AT3G14100	AT1G49760	1
AT3G14100	AT1G60000	1
AT3G14100	AT2G03640	1
AT3G14100	AT2G21440	1
AT3G14100	AT2G44710	1
AT3G14100	AT2G46780	1
AT3G14100	AT3G53500	1
AT3G14100	AT3G55460	1
AT3G14100	AT3G61860	1
AT3G14100	AT4G03110	1
AT3G14100	AT5G06210	1
AT3G14100	AT5G12190	1
AT3G14100	AT5G47620	1
AT3G14100	AT4G34110	1
AT3G14100	AT1G53650	1
AT3G14450	AT1G14170	1
AT3G14450	AT1G01080	1
AT3G14450	AT2G21660	1
AT3G14450	AT3G13570	1
AT3G14450	AT3G13700	1
AT3G14450	AT3G14100	1
AT3G14450	AT3G14450	1
AT3G14450	AT3G19090	1
AT3G14450	AT3G46020	1
AT3G14450	AT3G49390	1
AT3G14450	AT3G55460	1
AT3G14450	AT4G03110	1
AT3G14450	AT4G14300	1
AT3G14450	AT4G20030	1
AT3G14450	AT4G25500	1
AT3G14450	AT5G10350	1
AT3G14450	AT5G16840	1
AT3G14450	AT5G19350	1
AT3G14450	AT5G47620	1
AT3G14450	AT5G65260	1
AT3G14450	AT4G34110	1
AT3G15010	AT2G38610	1
AT3G15010	AT3G08620	1
AT3G15010	AT4G10070	1
AT3G15010	AT4G26000	1
AT3G15010	AT5G04430	1
AT3G15010	AT5G06770	1
AT3G15010	AT5G15270	1
AT3G15010	AT5G46190	1
AT3G15010	AT1G30960	1
AT3G15010	AT2G25355	1
AT3G15010	AT1G03360	1
AT3G15010	AT1G13690	1
AT3G15010	AT1G14340	1
AT3G15010	AT1G16610	1
AT3G15010	AT1G17370	1
AT3G15010	AT1G22760	1
AT3G15010	AT1G23860	1
AT3G15010	AT1G47500	1
AT3G15010	AT1G67950	1
AT3G15010	AT1G78260	1
AT3G15010	AT2G03640	1
AT3G15010	AT2G18510	1
AT3G15010	AT2G21660	1
AT3G15010	AT2G24590	1
AT3G15010	AT2G29580	1
AT3G15010	AT2G30260	1
AT3G15010	AT2G37220	1
AT3G15010	AT2G37340	1
AT3G15010	AT2G37510	1
AT3G15010	AT2G41060	1
AT3G15010	AT2G43370	1
AT3G15010	AT2G44710	1
AT3G15010	AT2G46780	1
AT3G15010	AT3G04500	1
AT3G15010	AT3G13224	1
AT3G15010	AT3G13570	1
AT3G15010	AT3G14100	1
AT3G15010	AT3G14450	1
AT3G15010	AT3G19130	1
AT3G15010	AT3G49390	1
AT3G15010	AT3G55460	1
AT3G15010	AT3G61860	1
AT3G15010	AT4G03110	1
AT3G15010	AT4G14300	1
AT3G15010	AT4G24770	1
AT3G15010	AT5G10350	1
AT3G15010	AT5G25060	1
AT3G15010	AT5G42820	1
AT3G15010	AT5G46840	1
AT3G15010	AT5G47620	1
AT3G15010	AT5G52040	1
AT3G15010	AT5G54580	1
AT3G15010	AT1G43190	1
AT3G15010	AT5G53180	1
AT3G15010	AT1G09810	1
AT3G19090	AT2G38610	1
AT3G19090	AT3G08620	1
AT3G19090	AT4G26000	1
AT3G19090	AT5G04430	1
AT3G19090	AT1G30960	1
AT3G19090	AT1G17370	1
AT3G19090	AT1G29400	1
AT3G19090	AT1G49760	1
AT3G19090	AT1G74230	1
AT3G19090	AT1G78260	1
AT3G19090	AT2G21660	1
AT3G19090	AT2G23350	1
AT3G19090	AT3G09160	1
AT3G19090	AT3G11400	1
AT3G19090	AT3G14450	1
AT3G19090	AT4G13860	1
AT3G19090	AT5G12190	1
AT3G19090	AT5G47620	1
AT3G19090	AT5G60980	1
AT3G19090	AT4G26650	1
AT3G19090	AT4G34110	1
AT3G19090	AT1G53650	1
AT3G19130	AT1G14170	1
AT3G19130	AT2G38610	1
AT3G19130	AT3G08620	1
AT3G19130	AT4G26000	1
AT3G19130	AT5G04430	1
AT3G19130	AT1G30960	1
AT3G19130	AT4G32175	1
AT3G19130	AT1G03360	1
AT3G19130	AT1G01080	1
AT3G19130	AT1G03457	1
AT3G19130	AT1G07350	1
AT3G19130	AT1G14340	1
AT3G19130	AT1G17370	1
AT3G19130	AT1G18630	1
AT3G19130	AT1G51510	1
AT3G19130	AT1G54080	1
AT3G19130	AT1G58470	1
AT3G19130	AT1G72800	1
AT3G19130	AT1G74230	1
AT3G19130	AT1G76460	1
AT3G19130	AT1G78260	1
AT3G19130	AT2G03640	1
AT3G19130	AT2G05160	1
AT3G19130	AT2G14160	1
AT3G19130	AT2G18510	1
AT3G19130	AT2G21660	1
AT3G19130	AT2G37220	1
AT3G19130	AT2G37340	1
AT3G19130	AT2G46780	1
AT3G19130	AT1G27960	1
AT3G19130	AT3G14100	1
AT3G19130	AT3G14450	1
AT3G19130	AT3G19090	1
AT3G19130	AT3G19130	1
AT3G19130	AT3G23830	1
AT3G19130	AT3G46020	1
AT3G19130	AT3G49390	1
AT3G19130	AT3G63450	1
AT3G19130	AT4G00830	1
AT3G19130	AT4G03110	1
AT3G19130	AT4G10110	1
AT3G19130	AT4G10610	1
AT3G19130	AT4G13860	1
AT3G19130	AT4G14300	1
AT3G19130	AT4G20030	1
AT3G19130	AT4G25500	1
AT3G19130	AT5G12190	1
AT3G19130	AT5G16840	1
AT3G19130	AT5G54580	1
AT3G19130	AT5G60980	1
AT3G19130	AT4G26650	1
AT3G19130	AT3G53460	1
AT3G19130	AT4G27000	1
AT3G19130	AT4G36960	1
AT3G19130	AT5G66010	1
AT3G19130	AT1G53650	1
AT3G19130	AT5G48650	1
AT3G20930	AT1G60000	1
AT3G20930	AT1G73530	1
AT3G20930	AT2G35410	1
AT3G20930	AT2G37220	1
AT3G20930	AT3G23830	1
AT3G20930	AT3G52380	1
AT3G20930	AT4G09040	1
AT3G20930	AT4G13860	1
AT3G20930	AT3G52150	1
AT3G23830	AT1G30960	1
AT3G23830	AT1G06960	1
AT3G23830	AT1G09140	1
AT3G23830	AT1G14340	1
AT3G23830	AT1G22760	1
AT3G23830	AT1G29400	1
AT3G23830	AT1G47500	1
AT3G23830	AT1G49760	1
AT3G23830	AT1G60000	1
AT3G23830	AT1G67950	1
AT3G23830	AT1G73530	1
AT3G23830	AT1G74230	1
AT3G23830	AT3G08000	1
AT3G23830	AT3G19090	1
AT3G23830	AT3G20930	1
AT3G23830	AT3G23830	1
AT3G23830	AT3G46020	1
AT3G23830	AT3G52380	1
AT3G23830	AT3G53500	1
AT3G23830	AT3G55460	1
AT3G23830	AT4G03110	1
AT3G23830	AT4G09040	1
AT3G23830	AT4G25500	1
AT3G23830	AT5G06210	1
AT3G23830	AT5G16840	1
AT3G23830	AT5G47620	1
AT3G23830	AT5G50250	1
AT3G23830	AT5G52040	1
AT3G23830	AT5G54580	1
AT3G23830	AT5G60980	1
AT3G23830	AT3G53460	1
AT3G23830	AT1G53650	1
AT3G45630	AT3G14100	1
AT3G46020	AT5G04430	1
AT3G46020	AT1G74230	1
AT3G46020	AT1G78260	1
AT3G46020	AT2G21660	1
AT3G46020	AT2G23350	1
AT3G46020	AT2G27330	1
AT3G46020	AT2G44710	1
AT3G46020	AT2G46780	1
AT3G46020	AT3G09160	1
AT3G46020	AT3G11400	1
AT3G46020	AT3G13700	1
AT3G46020	AT4G13860	1
AT3G46020	AT4G17720	1
AT3G46020	AT4G25500	1
AT3G46020	AT5G06210	1
AT3G46020	AT5G37720	1
AT3G46020	AT5G43960	1
AT3G46020	AT5G46250	1
AT3G46020	AT5G47620	1
AT3G46020	AT5G61030	1
AT3G49390	AT4G26000	1
AT3G49390	AT5G04430	1
AT3G49390	AT1G30960	1
AT3G49390	AT4G32175	1
AT3G49390	AT1G13190	1
AT3G49390	AT1G18630	1
AT3G49390	AT1G47490	1
AT3G49390	AT3G14100	1
AT3G49390	AT3G14450	1
AT3G49390	AT3G19090	1
AT3G49390	AT4G03110	1
AT3G49390	AT4G13860	1
AT3G49390	AT5G19350	1
AT3G49390	AT5G47620	1
AT3G49390	AT5G60980	1
AT3G49390	AT5G61030	1
AT3G49390	AT1G53650	1
AT3G52380	AT1G01080	1
AT3G52380	AT1G07350	1
AT3G52380	AT1G60000	1
AT3G52380	AT2G27330	1
AT3G52380	AT2G35410	1
AT3G52380	AT2G37220	1
AT3G52380	AT2G42240	1
AT3G52380	AT3G08000	1
AT3G52380	AT3G20930	1
AT3G52380	AT3G52380	1
AT3G52380	AT4G03110	1
AT3G52380	AT4G09040	1
AT3G52380	AT4G25500	1
AT3G52380	AT5G06210	1
AT3G52380	AT3G53460	1
AT3G52380	AT3G52150	1
AT3G53500	AT1G33680	1
AT3G53500	AT2G38610	1
AT3G53500	AT3G08620	1
AT3G53500	AT5G04430	1
AT3G53500	AT1G30960	1
AT3G53500	AT2G31610	1
AT3G53500	AT1G02840	1
AT3G53500	AT1G03457	1
AT3G53500	AT1G06960	1
AT3G53500	AT1G13690	1
AT3G53500	AT1G13730	1
AT3G53500	AT1G16610	1
AT3G53500	AT1G23860	1
AT3G53500	AT1G27650	1
AT3G53500	AT2G05160	1
AT3G53500	AT2G14160	1
AT3G53500	AT2G18510	1
AT3G53500	AT2G21660	1
AT3G53500	AT2G24590	1
AT3G53500	AT2G29580	1
AT3G53500	AT2G30260	1
AT3G53500	AT2G37340	1
AT3G53500	AT2G37510	1
AT3G53500	AT2G46610	1
AT3G53500	AT2G46780	1
AT3G53500	AT3G06970	1
AT3G53500	AT3G08000	1
AT3G53500	AT3G11400	1
AT3G53500	AT3G13570	1
AT3G53500	AT3G13700	1
AT3G53500	AT3G53500	1
AT3G53500	AT3G56860	1
AT3G53500	AT3G61860	1
AT3G53500	AT3G63450	1
AT3G53500	AT4G03110	1
AT3G53500	AT4G10110	1
AT3G53500	AT4G13860	1
AT3G53500	AT4G17720	1
AT3G53500	AT5G12190	1
AT3G53500	AT5G16840	1
AT3G53500	AT5G18810	1
AT3G53500	AT5G44200	1
AT3G53500	AT5G46250	1
AT3G53500	AT5G47620	1
AT3G53500	AT5G60980	1
AT3G53500	AT1G53720	1
AT3G53500	AT4G27000	1
AT3G53500	AT1G53650	1
AT3G55460	AT1G14170	1
AT3G55460	AT2G38610	1
AT3G55460	AT4G26000	1
AT3G55460	AT5G04430	1
AT3G55460	AT1G30960	1
AT3G55460	AT2G25355	1
AT3G55460	AT1G02840	1
AT3G55460	AT1G23860	1
AT3G55460	AT1G51510	1
AT3G55460	AT2G03640	1
AT3G55460	AT2G16940	1
AT3G55460	AT2G18510	1
AT3G55460	AT2G21660	1
AT3G55460	AT2G24590	1
AT3G55460	AT2G37340	1
AT3G55460	AT2G43370	1
AT3G55460	AT2G46610	1
AT3G55460	AT3G04500	1
AT3G55460	AT3G13224	1
AT3G55460	AT3G13570	1
AT3G55460	AT3G53500	1
AT3G55460	AT3G55460	1
AT3G55460	AT3G61860	1
AT3G55460	AT4G03110	1
AT3G55460	AT4G10110	1
AT3G55460	AT4G13850	1
AT3G55460	AT4G14300	1
AT3G55460	AT5G09880	1
AT3G55460	AT5G10350	1
AT3G55460	AT5G16840	1
AT3G55460	AT5G18810	1
AT3G55460	AT5G19960	1
AT3G55460	AT5G23590	1
AT3G55460	AT5G43960	1
AT3G55460	AT5G44200	1
AT3G55460	AT5G46250	1
AT3G55460	AT5G52040	1
AT3G55460	AT1G43190	1
AT3G55460	AT5G53180	1
AT3G55460	AT4G26650	1
AT3G55460	AT3G47120	1
AT3G55460	AT4G34110	1
AT3G55460	AT5G48650	1
AT3G56860	AT4G10070	1
AT3G56860	AT5G04430	1
AT3G56860	AT1G30960	1
AT3G56860	AT1G78260	1
AT3G56860	AT2G18510	1
AT3G56860	AT2G21660	1
AT3G56860	AT2G22090	1
AT3G56860	AT2G24590	1
AT3G56860	AT2G37340	1
AT3G56860	AT2G41060	1
AT3G56860	AT2G43370	1
AT3G56860	AT3G04500	1
AT3G56860	AT3G12640	1
AT3G56860	AT3G15010	1
AT3G56860	AT4G14300	1
AT3G56860	AT5G19350	1
AT3G56860	AT5G37720	1
AT3G56860	AT1G43190	1
AT3G56860	AT5G53180	1
AT3G56860	AT4G36960	1
AT3G56860	AT5G66010	1
AT3G61860	AT1G14170	1
AT3G61860	AT5G04430	1
AT3G61860	AT5G35530	1
AT3G61860	AT1G06960	1
AT3G61860	AT1G09140	1
AT3G61860	AT1G13690	1
AT3G61860	AT1G16610	1
AT3G61860	AT1G22910	1
AT3G61860	AT1G27650	1
AT3G61860	AT1G50300	1
AT3G61860	AT1G60650	1
AT3G61860	AT2G21660	1
AT3G61860	AT2G24590	1
AT3G61860	AT2G37340	1
AT3G61860	AT2G43370	1
AT3G61860	AT2G46610	1
AT3G61860	AT3G04500	1
AT3G61860	AT3G12640	1
AT3G61860	AT3G13224	1
AT3G61860	AT3G13570	1
AT3G61860	AT3G15010	1
AT3G61860	AT3G53500	1
AT3G61860	AT3G55460	1
AT3G61860	AT3G61860	1
AT3G61860	AT5G18810	1
AT3G61860	AT5G19960	1
AT3G61860	AT5G37720	1
AT3G61860	AT5G42820	1
AT3G61860	AT5G44200	1
AT3G61860	AT5G54580	1
AT3G61860	AT5G65260	1
AT3G61860	AT4G26650	1
AT3G61860	AT4G34110	1
AT3G61860	AT4G36960	1
AT3G61860	AT5G66010	1
AT3G61860	AT5G48650	1
AT3G63450	AT1G14170	1
AT3G63450	AT2G38610	1
AT3G63450	AT3G08620	1
AT3G63450	AT4G26000	1
AT3G63450	AT5G04430	1
AT3G63450	AT1G30960	1
AT3G63450	AT1G03457	1
AT3G63450	AT1G06960	1
AT3G63450	AT1G13690	1
AT3G63450	AT1G18630	1
AT3G63450	AT1G20880	1
AT3G63450	AT1G47490	1
AT3G63450	AT1G47500	1
AT3G63450	AT1G49600	1
AT3G63450	AT1G49760	1
AT3G63450	AT1G78260	1
AT3G63450	AT2G18510	1
AT3G63450	AT2G21660	1
AT3G63450	AT3G06970	1
AT3G63450	AT3G09160	1
AT3G63450	AT3G13700	1
AT3G63450	AT3G14450	1
AT3G63450	AT3G19090	1
AT3G63450	AT3G63450	1
AT3G63450	AT4G03110	1
AT3G63450	AT4G13860	1
AT3G63450	AT5G16840	1
AT3G63450	AT5G19350	1
AT3G63450	AT5G43960	1
AT3G63450	AT5G46250	1
AT3G63450	AT5G47620	1
AT3G63450	AT5G60980	1
AT3G63450	AT4G26650	1
AT3G63450	AT4G27000	1
AT3G63450	AT4G34110	1
AT4G00830	AT5G04430	1
AT4G00830	AT1G02840	1
AT4G00830	AT1G20880	1
AT4G00830	AT1G23860	1
AT4G00830	AT1G47490	1
AT4G00830	AT1G47500	1
AT4G00830	AT1G51510	1
AT4G00830	AT1G78260	1
AT4G00830	AT2G18510	1
AT4G00830	AT2G21660	1
AT4G00830	AT2G23350	1
AT4G00830	AT2G24590	1
AT4G00830	AT2G37340	1
AT4G00830	AT2G46780	1
AT4G00830	AT3G04500	1
AT4G00830	AT3G13570	1
AT4G00830	AT3G14100	1
AT4G00830	AT3G15010	1
AT4G00830	AT3G14450	1
AT4G00830	AT3G19130	1
AT4G00830	AT3G55460	1
AT4G00830	AT4G03110	1
AT4G00830	AT4G14300	1
AT4G00830	AT5G19960	1
AT4G00830	AT5G65260	1
AT4G00830	AT1G43190	1
AT4G00830	AT5G53180	1
AT4G00830	AT4G26650	1
AT4G03110	AT2G38610	1
AT4G03110	AT3G08620	1
AT4G03110	AT4G26000	1
AT4G03110	AT5G04430	1
AT4G03110	AT1G03457	1
AT4G03110	AT1G06960	1
AT4G03110	AT1G20880	1
AT4G03110	AT1G33470	1
AT4G03110	AT1G47490	1
AT4G03110	AT1G47500	1
AT4G03110	AT1G58470	1
AT4G03110	AT1G67950	1
AT4G03110	AT1G78260	1
AT4G03110	AT2G21660	1
AT4G03110	AT2G23350	1
AT4G03110	AT2G46780	1
AT4G03110	AT3G06970	1
AT4G03110	AT1G27960	1
AT4G03110	AT3G14100	1
AT4G03110	AT3G14450	1
AT4G03110	AT3G19090	1
AT4G03110	AT3G19130	1
AT4G03110	AT3G49390	1
AT4G03110	AT3G63450	1
AT4G03110	AT4G03110	1
AT4G03110	AT4G10610	1
AT4G03110	AT4G17720	1
AT4G03110	AT5G19350	1
AT4G03110	AT5G43960	1
AT4G03110	AT5G47620	1
AT4G03110	AT5G60980	1
AT4G03110	AT5G61030	1
AT4G03110	AT1G43190	1
AT4G03110	AT5G53180	1
AT4G03110	AT1G09810	1
AT4G03110	AT4G26650	1
AT4G03110	AT4G27000	1
AT4G03110	AT1G53650	1
AT4G03110	AT5G48650	1
AT4G09040	AT1G01080	1
AT4G09040	AT1G60000	1
AT4G09040	AT1G73530	1
AT4G09040	AT2G27330	1
AT4G09040	AT2G35410	1
AT4G09040	AT2G37220	1
AT4G09040	AT3G20930	1
AT4G09040	AT3G23830	1
AT4G09040	AT3G52380	1
AT4G09040	AT4G09040	1
AT4G09040	AT4G20030	1
AT4G09040	AT4G25500	1
AT4G09040	AT5G06210	1
AT4G09040	AT3G53460	1
AT4G09040	AT3G52150	1
AT4G10110	AT5G04430	1
AT4G10110	AT1G02840	1
AT4G10110	AT1G03457	1
AT4G10110	AT1G06960	1
AT4G10110	AT1G23860	1
AT4G10110	AT1G67950	1
AT4G10110	AT2G14160	1
AT4G10110	AT2G24590	1
AT4G10110	AT2G37340	1
AT4G10110	AT3G55460	1
AT4G10110	AT4G13860	1
AT4G10110	AT5G09880	1
AT4G10110	AT5G18810	1
AT4G10110	AT5G42820	1
AT4G10610	AT1G14170	1
AT4G10610	AT2G38610	1
AT4G10610	AT3G08620	1
AT4G10610	AT4G26000	1
AT4G10610	AT5G04430	1
AT4G10610	AT1G30960	1
AT4G10610	AT2G25355	1
AT4G10610	AT1G03457	1
AT4G10610	AT1G06960	1
AT4G10610	AT1G13730	1
AT4G10610	AT1G20880	1
AT4G10610	AT1G22760	1
AT4G10610	AT1G33470	1
AT4G10610	AT1G47490	1
AT4G10610	AT1G47500	1
AT4G10610	AT1G49600	1
AT4G10610	AT1G49760	1
AT4G10610	AT1G54080	1
AT4G10610	AT1G67950	1
AT4G10610	AT1G74230	1
AT4G10610	AT1G76460	1
AT4G10610	AT1G78260	1
AT4G10610	AT2G05160	1
AT4G10610	AT2G21660	1
AT4G10610	AT2G46780	1
AT4G10610	AT3G06970	1
AT4G10610	AT3G14450	1
AT4G10610	AT3G49390	1
AT4G10610	AT4G03110	1
AT4G10610	AT4G13860	1
AT4G10610	AT4G14300	1
AT4G10610	AT4G17720	1
AT4G10610	AT5G16840	1
AT4G10610	AT5G19350	1
AT4G10610	AT5G43960	1
AT4G10610	AT5G46250	1
AT4G10610	AT5G47620	1
AT4G10610	AT5G54580	1
AT4G10610	AT5G60980	1
AT4G10610	AT1G43190	1
AT4G10610	AT5G53180	1
AT4G10610	AT1G09810	1
AT4G10610	AT4G26650	1
AT4G10610	AT1G53650	1
AT4G13850	AT5G04430	1
AT4G13850	AT1G30960	1
AT4G13850	AT1G13690	1
AT4G13850	AT1G18630	1
AT4G13850	AT1G69250	1
AT4G13850	AT1G74230	1
AT4G13850	AT2G27330	1
AT4G13850	AT3G06970	1
AT4G13850	AT3G13570	1
AT4G13850	AT3G52380	1
AT4G13850	AT3G55460	1
AT4G13850	AT3G56860	1
AT4G13850	AT4G00830	1
AT4G13850	AT4G03110	1
AT4G13850	AT4G09040	1
AT4G13850	AT4G25500	1
AT4G13850	AT5G06210	1
AT4G13850	AT5G16840	1
AT4G13850	AT5G43960	1
AT4G13850	AT5G46250	1
AT4G13850	AT5G47620	1
AT4G13850	AT5G60980	1
AT4G13860	AT2G38610	1
AT4G13860	AT4G26000	1
AT4G13860	AT5G04430	1
AT4G13860	AT1G03457	1
AT4G13860	AT1G06960	1
AT4G13860	AT1G09140	1
AT4G13860	AT1G13690	1
AT4G13860	AT1G49760	1
AT4G13860	AT1G54080	1
AT4G13860	AT1G58470	1
AT4G13860	AT1G60000	1
AT4G13860	AT2G35410	1
AT4G13860	AT2G46780	1
AT4G13860	AT3G04500	1
AT4G13860	AT3G09160	1
AT4G13860	AT1G27960	1
AT4G13860	AT3G13570	1
AT4G13860	AT3G14100	1
AT4G13860	AT3G14450	1
AT4G13860	AT3G20890	1
AT4G13860	AT3G21100	1
AT4G13860	AT3G45630	1
AT4G13860	AT4G13860	1
AT4G13860	AT4G17720	1
AT4G13860	AT4G24770	1
AT4G13860	AT5G04280	1
AT4G13860	AT5G19960	1
AT4G13860	AT5G32450	1
AT4G13860	AT5G42820	1
AT4G13860	AT5G47620	1
AT4G13860	AT5G51120	1
AT4G13860	AT5G52040	1
AT4G13860	AT1G37140	1
AT4G13860	AT1G79880	1
AT4G13860	AT5G04600	1
AT4G13860	AT3G47120	1
AT4G13860	AT4G34110	1
AT4G13860	AT4G36960	1
AT4G13860	AT5G66010	1
AT4G13860	AT1G53650	1
AT4G14300	AT1G14170	1
AT4G14300	AT2G38610	1
AT4G14300	AT3G08620	1
AT4G14300	AT4G26000	1
AT4G14300	AT1G03457	1
AT4G14300	AT1G06960	1
AT4G14300	AT1G22760	1
AT4G14300	AT1G47490	1
AT4G14300	AT1G47500	1
AT4G14300	AT1G67950	1
AT4G14300	AT1G76460	1
AT4G14300	AT1G78260	1
AT4G14300	AT2G05160	1
AT4G14300	AT2G21660	1
AT4G14300	AT2G22090	1
AT4G14300	AT2G37220	1
AT4G14300	AT2G37340	1
AT4G14300	AT2G41060	1
AT4G14300	AT2G46610	1
AT4G14300	AT2G46780	1
AT4G14300	AT3G04500	1
AT4G14300	AT3G09160	1
AT4G14300	AT1G27960	1
AT4G14300	AT3G13224	1
AT4G14300	AT3G13570	1
AT4G14300	AT3G14450	1
AT4G14300	AT3G19130	1
AT4G14300	AT3G46020	1
AT4G14300	AT3G63450	1
AT4G14300	AT4G03110	1
AT4G14300	AT5G16840	1
AT4G14300	AT5G19350	1
AT4G14300	AT5G19960	1
AT4G14300	AT5G43960	1
AT4G14300	AT5G47620	1
AT4G14300	AT5G54580	1
AT4G14300	AT5G60980	1
AT4G14300	AT1G43190	1
AT4G14300	AT5G53180	1
AT4G14300	AT1G09810	1
AT4G14300	AT1G30460	1
AT4G14300	AT4G27000	1
AT4G14300	AT3G47120	1
AT4G14300	AT1G53650	1
AT4G14300	AT5G48650	1
AT4G17720	AT2G38610	1
AT4G17720	AT4G26000	1
AT4G17720	AT5G04430	1
AT4G17720	AT1G30960	1
AT4G17720	AT1G03457	1
AT4G17720	AT1G06960	1
AT4G17720	AT1G07350	1
AT4G17720	AT1G09140	1
AT4G17720	AT1G13690	1
AT4G17720	AT1G13730	1
AT4G17720	AT1G14340	1
AT4G17720	AT1G22760	1
AT4G17720	AT1G27650	1
AT4G17720	AT1G29400	1
AT4G17720	AT1G49760	1
AT4G17720	AT1G51510	1
AT4G17720	AT1G67950	1
AT4G17720	AT1G69250	1
AT4G17720	AT1G76460	1
AT4G17720	AT1G78260	1
AT4G17720	AT2G21660	1
AT4G17720	AT2G24590	1
AT4G17720	AT2G37340	1
AT4G17720	AT2G37510	1
AT4G17720	AT2G46780	1
AT4G17720	AT2G47580	1
AT4G17720	AT3G01210	1
AT4G17720	AT3G11400	1
AT4G17720	AT3G12640	1
AT4G17720	AT3G13700	1
AT4G17720	AT3G14450	1
AT4G17720	AT3G46020	1
AT4G17720	AT3G53500	1
AT4G17720	AT3G63450	1
AT4G17720	AT4G03110	1
AT4G17720	AT4G13860	1
AT4G17720	AT4G17720	1
AT4G17720	AT5G16840	1
AT4G17720	AT5G18810	1
AT4G17720	AT5G43960	1
AT4G17720	AT5G54580	1
AT4G17720	AT5G53180	1
AT4G17720	AT3G47120	1
AT4G20030	AT1G01080	1
AT4G20030	AT2G37220	1
AT4G20030	AT3G52380	1
AT4G20030	AT4G09040	1
AT4G20030	AT4G25500	1
AT4G20030	AT3G52150	1
AT4G24270	AT2G21660	1
AT4G24270	AT2G24590	1
AT4G24270	AT2G37340	1
AT4G24270	AT3G13570	1
AT4G24270	AT3G15010	1
AT4G24270	AT3G53500	1
AT4G24270	AT3G55460	1
AT4G24270	AT4G13860	1
AT4G24270	AT4G14300	1
AT4G24270	AT4G24270	1
AT4G24270	AT4G24770	1
AT4G24270	AT5G46250	1
AT4G24270	AT5G54580	1
AT4G24770	AT3G08620	1
AT4G24770	AT5G04430	1
AT4G24770	AT1G01080	1
AT4G24770	AT1G13730	1
AT4G24770	AT1G18630	1
AT4G24770	AT1G47500	1
AT4G24770	AT1G60000	1
AT4G24770	AT1G69250	1
AT4G24770	AT1G73530	1
AT4G24770	AT1G74230	1
AT4G24770	AT2G35410	1
AT4G24770	AT2G37220	1
AT4G24770	AT3G08000	1
AT4G24770	AT3G14450	1
AT4G24770	AT3G20930	1
AT4G24770	AT3G23830	1
AT4G24770	AT5G06210	1
AT4G24770	AT5G43960	1
AT4G24770	AT5G54580	1
AT4G24770	AT3G53460	1
AT4G24770	AT3G52150	1
AT4G31580	AT3G08620	1
AT4G31580	AT4G26000	1
AT4G31580	AT5G04430	1
AT4G31580	AT5G06770	1
AT4G31580	AT1G30960	1
AT4G31580	AT2G31610	1
AT4G31580	AT1G02840	1
AT4G31580	AT1G06960	1
AT4G31580	AT1G09140	1
AT4G31580	AT1G13690	1
AT4G31580	AT1G16610	1
AT4G31580	AT1G23860	1
AT4G31580	AT1G51510	1
AT4G31580	AT1G66260	1
AT4G31580	AT2G03640	1
AT4G31580	AT2G21660	1
AT4G31580	AT2G29580	1
AT4G31580	AT2G37340	1
AT4G31580	AT2G46610	1
AT4G31580	AT3G04500	1
AT4G31580	AT3G13224	1
AT4G31580	AT3G14450	1
AT4G31580	AT4G14300	1
AT4G31580	AT3G15010	1
AT4G31580	AT3G46020	1
AT4G31580	AT3G53500	1
AT4G31580	AT3G55460	1
AT4G31580	AT3G61860	1
AT4G31580	AT4G00830	1
AT4G31580	AT4G13860	1
AT4G31580	AT4G24270	1
AT4G31580	AT4G24770	1
AT4G31580	AT5G04280	1
AT4G31580	AT5G06210	1
AT4G31580	AT5G12190	1
AT4G31580	AT5G16840	1
AT4G31580	AT5G19960	1
AT4G31580	AT5G23590	1
AT4G31580	AT5G25060	1
AT4G31580	AT5G43960	1
AT4G31580	AT5G46840	1
AT4G31580	AT5G47620	1
AT4G31580	AT5G65260	1
AT4G31580	AT1G43190	1
AT4G31580	AT4G26650	1
AT4G31580	AT1G53720	1
AT4G31580	AT4G36960	1
AT4G31580	AT5G66010	1
AT5G04210	AT5G04430	1
AT5G04210	AT1G14340	1
AT5G04210	AT1G67950	1
AT5G04210	AT2G14160	1
AT5G04210	AT2G21660	1
AT5G04210	AT3G09160	1
AT5G04210	AT3G13700	1
AT5G04210	AT3G46020	1
AT5G04210	AT4G13860	1
AT5G04210	AT5G16840	1
AT5G04280	AT5G04430	1
AT5G04280	AT1G30960	1
AT5G04280	AT1G09140	1
AT5G04280	AT1G16610	1
AT5G04280	AT2G24590	1
AT5G04280	AT2G29580	1
AT5G04280	AT2G30260	1
AT5G04280	AT2G43370	1
AT5G04280	AT2G46610	1
AT5G04280	AT3G04500	1
AT5G04280	AT3G12640	1
AT5G04280	AT3G13224	1
AT5G04280	AT3G13570	1
AT5G04280	AT3G15010	1
AT5G04280	AT4G14300	1
AT5G04280	AT5G16840	1
AT5G04280	AT5G37720	1
AT5G04280	AT5G65260	1
AT5G04280	AT3G47120	1
AT5G06000	AT5G04430	1
AT5G06000	AT2G21660	1
AT5G06210	AT1G01080	1
AT5G06210	AT1G13690	1
AT5G06210	AT1G18630	1
AT5G06210	AT1G60000	1
AT5G06210	AT1G74230	1
AT5G06210	AT2G27330	1
AT5G06210	AT2G37220	1
AT5G06210	AT3G08000	1
AT5G06210	AT3G20930	1
AT5G06210	AT3G23830	1
AT5G06210	AT3G52380	1
AT5G06210	AT4G09040	1
AT5G06210	AT4G13860	1
AT5G06210	AT5G06210	1
AT5G06210	AT5G54580	1
AT5G06210	AT3G53460	1
AT5G06210	AT3G52150	1
AT5G09880	AT3G12130	1
AT5G09880	AT1G13690	1
AT5G09880	AT1G16610	1
AT5G09880	AT1G27050	1
AT5G09880	AT1G27650	1
AT5G09880	AT1G71800	1
AT5G09880	AT2G16940	1
AT5G09880	AT2G29580	1
AT5G09880	AT2G37340	1
AT5G09880	AT2G43370	1
AT5G09880	AT2G46610	1
AT5G09880	AT2G47580	1
AT5G09880	AT3G04500	1
AT5G09880	AT3G46020	1
AT5G09880	AT3G55460	1
AT5G09880	AT4G10110	1
AT5G09880	AT4G14300	1
AT5G09880	AT4G24270	1
AT5G09880	AT4G24770	1
AT5G09880	AT5G16840	1
AT5G09880	AT5G61030	1
AT5G09880	AT5G04600	1
AT5G09880	AT1G53720	1
AT5G09880	AT5G66010	1
AT5G10350	AT3G55460	1
AT5G10350	AT4G24270	1
AT5G10350	AT5G12190	1
AT5G12190	AT4G26000	1
AT5G12190	AT5G04430	1
AT5G12190	AT5G64390	1
AT5G12190	AT2G25355	1
AT5G12190	AT1G02840	1
AT5G12190	AT1G03457	1
AT5G12190	AT1G09140	1
AT5G12190	AT1G13690	1
AT5G12190	AT1G13730	1
AT5G12190	AT1G14340	1
AT5G12190	AT1G16610	1
AT5G12190	AT1G20880	1
AT5G12190	AT1G23860	1
AT5G12190	AT1G27650	1
AT5G12190	AT1G29400	1
AT5G12190	AT1G33470	1
AT5G12190	AT1G67950	1
AT5G12190	AT1G72800	1
AT5G12190	AT1G78260	1
AT5G12190	AT2G14160	1
AT5G12190	AT2G21660	1
AT5G12190	AT2G46780	1
AT5G12190	AT3G13570	1
AT5G12190	AT3G13700	1
AT5G12190	AT3G53500	1
AT5G12190	AT3G55460	1
AT5G12190	AT3G63450	1
AT5G12190	AT4G03110	1
AT5G12190	AT4G13860	1
AT5G12190	AT4G14300	1
AT5G12190	AT4G17720	1
AT5G12190	AT5G16840	1
AT5G12190	AT5G47620	1
AT5G12190	AT5G60980	1
AT5G12190	AT1G43190	1
AT5G12190	AT5G53180	1
AT5G12190	AT1G09810	1
AT5G12190	AT1G30460	1
AT5G12190	AT4G26650	1
AT5G12190	AT4G27000	1
AT5G12190	AT1G53650	1
AT5G16840	AT1G14170	1
AT5G16840	AT2G38610	1
AT5G16840	AT3G08620	1
AT5G16840	AT4G26000	1
AT5G16840	AT5G04430	1
AT5G16840	AT1G30960	1
AT5G16840	AT2G25355	1
AT5G16840	AT1G06960	1
AT5G16840	AT1G13690	1
AT5G16840	AT1G13730	1
AT5G16840	AT1G14340	1
AT5G16840	AT1G18630	1
AT5G16840	AT1G20880	1
AT5G16840	AT1G27650	1
AT5G16840	AT1G33470	1
AT5G16840	AT1G47490	1
AT5G16840	AT1G47500	1
AT5G16840	AT1G49760	1
AT5G16840	AT1G50300	1
AT5G16840	AT1G51510	1
AT5G16840	AT1G66260	1
AT5G16840	AT1G67950	1
AT5G16840	AT1G69250	1
AT5G16840	AT1G72800	1
AT5G16840	AT1G76460	1
AT5G16840	AT1G78260	1
AT5G16840	AT2G05160	1
AT5G16840	AT2G14160	1
AT5G16840	AT2G21660	1
AT5G16840	AT2G27330	1
AT5G16840	AT2G37340	1
AT5G16840	AT2G46780	1
AT5G16840	AT3G04500	1
AT5G16840	AT3G06970	1
AT5G16840	AT3G09160	1
AT5G16840	AT3G11400	1
AT5G16840	AT3G13570	1
AT5G16840	AT3G13700	1
AT5G16840	AT3G46020	1
AT5G16840	AT3G63450	1
AT5G16840	AT4G03110	1
AT5G16840	AT4G13860	1
AT5G16840	AT4G14300	1
AT5G16840	AT4G17720	1
AT5G16840	AT5G12190	1
AT5G16840	AT5G16840	1
AT5G16840	AT5G18810	1
AT5G16840	AT5G19350	1
AT5G16840	AT5G19960	1
AT5G16840	AT5G23590	1
AT5G16840	AT5G46250	1
AT5G16840	AT1G43190	1
AT5G16840	AT5G53180	1
AT5G16840	AT1G09810	1
AT5G16840	AT1G30460	1
AT5G16840	AT4G26650	1
AT5G16840	AT4G27000	1
AT5G16840	AT4G34110	1
AT5G16840	AT1G53650	1
AT5G16840	AT5G48650	1
AT5G18810	AT3G12130	1
AT5G18810	AT5G04430	1
AT5G18810	AT1G02840	1
AT5G18810	AT1G09140	1
AT5G18810	AT1G13690	1
AT5G18810	AT1G16610	1
AT5G18810	AT1G23860	1
AT5G18810	AT2G37340	1
AT5G18810	AT2G37510	1
AT5G18810	AT2G43370	1
AT5G18810	AT2G46610	1
AT5G18810	AT3G13224	1
AT5G18810	AT3G13570	1
AT5G18810	AT3G46020	1
AT5G18810	AT3G53500	1
AT5G18810	AT3G55460	1
AT5G18810	AT4G10110	1
AT5G18810	AT4G13860	1
AT5G18810	AT4G14300	1
AT5G18810	AT5G10350	1
AT5G18810	AT5G12190	1
AT5G18810	AT5G18810	1
AT5G18810	AT5G19960	1
AT5G18810	AT5G54580	1
AT5G18810	AT5G60980	1
AT5G18810	AT5G61020	1
AT5G19350	AT1G14170	1
AT5G19350	AT2G38610	1
AT5G19350	AT3G08620	1
AT5G19350	AT4G26000	1
AT5G19350	AT5G04430	1
AT5G19350	AT1G30960	1
AT5G19350	AT3G53870	1
AT5G19350	AT2G25355	1
AT5G19350	AT1G03360	1
AT5G19350	AT1G06960	1
AT5G19350	AT1G13690	1
AT5G19350	AT1G13730	1
AT5G19350	AT1G14340	1
AT5G19350	AT1G20880	1
AT5G19350	AT1G22760	1
AT5G19350	AT1G33470	1
AT5G19350	AT1G47490	1
AT5G19350	AT1G47500	1
AT5G19350	AT1G49760	1
AT5G19350	AT1G51510	1
AT5G19350	AT1G67950	1
AT5G19350	AT1G69250	1
AT5G19350	AT1G78260	1
AT5G19350	AT2G05160	1
AT5G19350	AT2G18510	1
AT5G19350	AT2G21660	1
AT5G19350	AT2G23350	1
AT5G19350	AT2G27330	1
AT5G19350	AT2G46780	1
AT5G19350	AT3G11400	1
AT5G19350	AT3G19090	1
AT5G19350	AT3G46020	1
AT5G19350	AT3G49390	1
AT5G19350	AT3G63450	1
AT5G19350	AT4G03110	1
AT5G19350	AT4G13860	1
AT5G19350	AT4G14300	1
AT5G19350	AT4G17720	1
AT5G19350	AT5G16840	1
AT5G19350	AT5G19350	1
AT5G19350	AT5G43960	1
AT5G19350	AT5G47620	1
AT5G19350	AT5G61030	1
AT5G19350	AT1G43190	1
AT5G19350	AT1G30460	1
AT5G19350	AT4G26650	1
AT5G19350	AT4G34110	1
AT5G19350	AT4G36960	1
AT5G19350	AT1G53650	1
AT5G19350	AT5G48650	1
AT5G19960	AT1G53720	1
AT5G23590	AT1G02840	1
AT5G23590	AT1G09140	1
AT5G23590	AT1G13690	1
AT5G23590	AT1G23860	1
AT5G23590	AT3G55460	1
AT5G23590	AT4G13860	1
AT5G23590	AT4G24770	1
AT5G23590	AT5G09880	1
AT5G23590	AT5G16840	1
AT5G23590	AT5G23590	1
AT5G23590	AT1G43190	1
AT5G23590	AT1G53720	1
AT5G25060	AT2G37340	1
AT5G25060	AT3G55460	1
AT5G25060	AT4G13860	1
AT5G27640	AT4G26000	1
AT5G27640	AT5G04430	1
AT5G27640	AT1G30960	1
AT5G27640	AT1G51510	1
AT5G27640	AT1G67950	1
AT5G27640	AT2G03640	1
AT5G27640	AT2G21660	1
AT5G27640	AT3G11400	1
AT5G27640	AT3G13700	1
AT5G27640	AT3G46020	1
AT5G27640	AT4G03110	1
AT5G27640	AT4G10110	1
AT5G27640	AT4G13860	1
AT5G27640	AT4G17720	1
AT5G27640	AT5G32450	1
AT5G27640	AT5G43960	1
AT5G27640	AT5G46250	1
AT5G27640	AT1G43190	1
AT5G32450	AT4G26000	1
AT5G32450	AT5G04430	1
AT5G32450	AT1G13690	1
AT5G32450	AT1G14340	1
AT5G32450	AT1G18630	1
AT5G32450	AT1G67950	1
AT5G32450	AT2G03640	1
AT5G32450	AT2G21660	1
AT5G32450	AT3G13700	1
AT5G32450	AT3G46020	1
AT5G32450	AT4G13860	1
AT5G32450	AT4G17720	1
AT5G32450	AT5G16840	1
AT5G32450	AT5G60980	1
AT5G37720	AT1G09140	1
AT5G37720	AT1G14340	1
AT5G37720	AT1G23860	1
AT5G37720	AT1G27650	1
AT5G37720	AT1G51510	1
AT5G37720	AT1G67950	1
AT5G37720	AT2G14160	1
AT5G37720	AT2G21660	1
AT5G37720	AT2G37340	1
AT5G37720	AT3G04500	1
AT5G37720	AT4G13860	1
AT5G37720	AT4G17720	1
AT5G37720	AT5G16260	1
AT5G37720	AT5G16840	1
AT5G37720	AT5G18810	1
AT5G37720	AT5G43960	1
AT5G42820	AT4G10070	1
AT5G42820	AT5G04430	1
AT5G42820	AT2G25355	1
AT5G42820	AT1G03360	1
AT5G42820	AT1G02840	1
AT5G42820	AT1G03457	1
AT5G42820	AT1G09140	1
AT5G42820	AT1G09230	1
AT5G42820	AT1G13690	1
AT5G42820	AT1G67950	1
AT5G42820	AT1G71800	1
AT5G42820	AT1G72800	1
AT5G42820	AT2G18510	1
AT5G42820	AT2G21660	1
AT5G42820	AT2G24590	1
AT5G42820	AT2G37340	1
AT5G42820	AT2G43370	1
AT5G42820	AT2G46610	1
AT5G42820	AT2G47580	1
AT5G42820	AT3G10400	1
AT5G42820	AT3G12640	1
AT5G42820	AT3G13224	1
AT5G42820	AT3G13570	1
AT5G42820	AT3G14450	1
AT5G42820	AT3G15010	1
AT5G42820	AT3G19130	1
AT5G42820	AT3G46020	1
AT5G42820	AT3G53500	1
AT5G42820	AT4G13860	1
AT5G42820	AT4G14300	1
AT5G42820	AT4G24270	1
AT5G42820	AT5G10350	1
AT5G42820	AT5G16840	1
AT5G42820	AT5G23590	1
AT5G42820	AT5G32450	1
AT5G42820	AT5G37720	1
AT5G42820	AT5G44200	1
AT5G42820	AT5G46840	1
AT5G42820	AT5G58470	1
AT5G42820	AT5G61030	1
AT5G42820	AT5G61020	1
AT5G42820	AT3G47120	1
AT5G43960	AT1G14170	1
AT5G43960	AT2G38610	1
AT5G43960	AT3G08620	1
AT5G43960	AT5G04430	1
AT5G43960	AT1G30960	1
AT5G43960	AT3G53870	1
AT5G43960	AT2G25355	1
AT5G43960	AT1G03360	1
AT5G43960	AT1G03457	1
AT5G43960	AT1G06960	1
AT5G43960	AT1G13690	1
AT5G43960	AT1G13730	1
AT5G43960	AT1G29400	1
AT5G43960	AT1G51510	1
AT5G43960	AT1G60000	1
AT5G43960	AT1G66260	1
AT5G43960	AT1G67950	1
AT5G43960	AT1G72800	1
AT5G43960	AT1G74230	1
AT5G43960	AT1G76460	1
AT5G43960	AT2G03640	1
AT5G43960	AT2G05160	1
AT5G43960	AT2G18510	1
AT5G43960	AT2G21660	1
AT5G43960	AT2G23350	1
AT5G43960	AT2G37340	1
AT5G43960	AT2G37510	1
AT5G43960	AT2G46780	1
AT5G43960	AT3G06970	1
AT5G43960	AT3G08000	1
AT5G43960	AT1G27960	1
AT5G43960	AT3G11400	1
AT5G43960	AT3G13700	1
AT5G43960	AT3G14100	1
AT5G43960	AT3G14450	1
AT5G43960	AT3G46020	1
AT5G43960	AT3G63450	1
AT5G43960	AT4G03110	1
AT5G43960	AT4G13860	1
AT5G43960	AT4G14300	1
AT5G43960	AT4G17720	1
AT5G43960	AT5G16840	1
AT5G43960	AT5G19350	1
AT5G43960	AT5G43960	1
AT5G43960	AT5G46250	1
AT5G43960	AT5G47620	1
AT5G43960	AT5G61030	1
AT5G43960	AT5G53180	1
AT5G43960	AT4G26650	1
AT5G43960	AT4G27000	1
AT5G43960	AT3G47120	1
AT5G43960	AT5G48650	1
AT5G46250	AT1G16610	1
AT5G46250	AT1G23860	1
AT5G46250	AT2G16940	1
AT5G46250	AT2G18510	1
AT5G46250	AT2G21660	1
AT5G46250	AT2G24590	1
AT5G46250	AT2G37340	1
AT5G46250	AT3G13224	1
AT5G46250	AT3G13570	1
AT5G46250	AT4G13860	1
AT5G46250	AT4G14300	1
AT5G46250	AT4G24270	1
AT5G46250	AT4G24770	1
AT5G46250	AT5G09880	1
AT5G46250	AT5G18810	1
AT5G46250	AT5G19960	1
AT5G46250	AT5G37720	1
AT5G46250	AT5G61030	1
AT5G46840	AT4G18375	1
AT5G46840	AT5G04430	1
AT5G46840	AT5G06770	1
AT5G46840	AT1G09140	1
AT5G46840	AT1G23860	1
AT5G46840	AT1G27050	1
AT5G46840	AT1G27650	1
AT5G46840	AT1G48920	1
AT5G46840	AT1G51510	1
AT5G46840	AT1G66260	1
AT5G46840	AT2G03640	1
AT5G46840	AT2G21660	1
AT5G46840	AT2G37340	1
AT5G46840	AT3G04500	1
AT5G46840	AT3G53500	1
AT5G46840	AT4G24270	1
AT5G46840	AT4G24770	1
AT5G46840	AT5G16840	1
AT5G46840	AT5G19960	1
AT5G46840	AT5G23590	1
AT5G46840	AT5G37720	1
AT5G46840	AT5G46840	1
AT5G46840	AT5G52040	1
AT5G46840	AT5G59950	1
AT5G46840	AT5G65260	1
AT5G47320	AT1G01080	1
AT5G47320	AT1G74230	1
AT5G47320	AT2G27330	1
AT5G47320	AT2G35410	1
AT5G47320	AT2G37220	1
AT5G47320	AT3G08000	1
AT5G47320	AT3G20930	1
AT5G47320	AT3G23830	1
AT5G47320	AT3G52380	1
AT5G47320	AT5G06210	1
AT5G47320	AT5G54580	1
AT5G47620	AT2G38610	1
AT5G47620	AT3G08620	1
AT5G47620	AT4G26000	1
AT5G47620	AT5G04430	1
AT5G47620	AT1G30960	1
AT5G47620	AT2G25355	1
AT5G47620	AT1G03360	1
AT5G47620	AT1G01080	1
AT5G47620	AT1G03457	1
AT5G47620	AT1G06960	1
AT5G47620	AT1G13690	1
AT5G47620	AT1G20880	1
AT5G47620	AT1G22760	1
AT5G47620	AT1G27650	1
AT5G47620	AT1G29400	1
AT5G47620	AT1G33470	1
AT5G47620	AT1G47490	1
AT5G47620	AT1G47500	1
AT5G47620	AT1G49600	1
AT5G47620	AT1G49760	1
AT5G47620	AT1G58470	1
AT5G47620	AT1G67950	1
AT5G47620	AT1G74230	1
AT5G47620	AT1G76460	1
AT5G47620	AT1G78260	1
AT5G47620	AT2G03640	1
AT5G47620	AT2G05160	1
AT5G47620	AT2G14160	1
AT5G47620	AT2G16940	1
AT5G47620	AT2G18510	1
AT5G47620	AT2G21440	1
AT5G47620	AT2G21660	1
AT5G47620	AT2G23350	1
AT5G47620	AT2G24590	1
AT5G47620	AT2G27330	1
AT5G47620	AT2G29580	1
AT5G47620	AT2G46780	1
AT5G47620	AT3G09160	1
AT5G47620	AT3G13700	1
AT5G47620	AT3G14450	1
AT5G47620	AT3G19090	1
AT5G47620	AT3G19130	1
AT5G47620	AT3G63450	1
AT5G47620	AT4G03110	1
AT5G47620	AT4G10110	1
AT5G47620	AT4G10610	1
AT5G47620	AT4G13860	1
AT5G47620	AT4G14300	1
AT5G47620	AT4G25500	1
AT5G47620	AT5G47620	1
AT5G47620	AT5G60980	1
AT5G47620	AT5G61030	1
AT5G47620	AT1G43190	1
AT5G47620	AT5G53180	1
AT5G47620	AT1G30460	1
AT5G47620	AT1G53650	1
AT5G50250	AT5G04430	1
AT5G50250	AT3G53870	1
AT5G50250	AT1G01080	1
AT5G50250	AT1G03457	1
AT5G50250	AT1G13690	1
AT5G50250	AT1G13730	1
AT5G50250	AT1G14340	1
AT5G50250	AT1G18630	1
AT5G50250	AT1G60000	1
AT5G50250	AT1G69250	1
AT5G50250	AT1G73530	1
AT5G50250	AT1G74230	1
AT5G50250	AT2G21660	1
AT5G50250	AT2G35410	1
AT5G50250	AT2G37220	1
AT5G50250	AT2G46610	1
AT5G50250	AT3G08000	1
AT5G50250	AT3G20930	1
AT5G50250	AT3G23830	1
AT5G50250	AT3G52380	1
AT5G50250	AT3G63450	1
AT5G50250	AT4G03110	1
AT5G50250	AT4G09040	1
AT5G50250	AT4G10610	1
AT5G50250	AT4G20030	1
AT5G50250	AT4G25500	1
AT5G50250	AT5G54580	1
AT5G50250	AT3G52150	1
AT5G51120	AT2G38610	1
AT5G51120	AT5G04430	1
AT5G51120	AT1G09140	1
AT5G51120	AT1G09230	1
AT5G51120	AT1G13690	1
AT5G51120	AT1G22760	1
AT5G51120	AT1G51510	1
AT5G51120	AT1G60650	1
AT5G51120	AT1G66260	1
AT5G51120	AT1G67950	1
AT5G51120	AT2G03640	1
AT5G51120	AT2G18510	1
AT5G51120	AT2G21660	1
AT5G51120	AT2G37340	1
AT5G51120	AT2G41060	1
AT5G51120	AT3G12640	1
AT5G51120	AT3G13224	1
AT5G51120	AT3G13570	1
AT5G51120	AT3G13700	1
AT5G51120	AT3G14100	1
AT5G51120	AT3G15010	1
AT5G51120	AT3G19090	1
AT5G51120	AT3G46020	1
AT5G51120	AT3G61860	1
AT5G51120	AT4G00830	1
AT5G51120	AT4G03110	1
AT5G51120	AT4G10110	1
AT5G51120	AT4G13860	1
AT5G51120	AT4G14300	1
AT5G51120	AT4G24770	1
AT5G51120	AT5G04280	1
AT5G51120	AT5G23590	1
AT5G51120	AT5G19960	1
AT5G51120	AT5G32450	1
AT5G51120	AT5G37720	1
AT5G51120	AT5G54580	1
AT5G51120	AT5G53180	1
AT5G51120	AT1G30460	1
AT5G51120	AT5G61020	1
AT5G51120	AT3G53460	1
AT5G52040	AT5G04430	1
AT5G52040	AT1G02840	1
AT5G52040	AT1G07360	1
AT5G52040	AT1G09140	1
AT5G52040	AT1G16610	1
AT5G52040	AT1G60650	1
AT5G52040	AT1G66260	1
AT5G52040	AT1G67950	1
AT5G52040	AT2G21660	1
AT5G52040	AT2G37340	1
AT5G52040	AT3G04500	1
AT5G52040	AT3G53500	1
AT5G52040	AT5G04280	1
AT5G52040	AT5G19960	1
AT5G52040	AT5G32450	1
AT5G52040	AT5G61030	1
AT5G55550	AT3G08620	1
AT5G55550	AT4G26000	1
AT5G55550	AT5G64390	1
AT5G55550	AT1G22760	1
AT5G55550	AT1G29400	1
AT5G55550	AT1G33470	1
AT5G55550	AT1G47490	1
AT5G55550	AT1G47500	1
AT5G55550	AT1G49760	1
AT5G55550	AT1G51510	1
AT5G55550	AT1G54080	1
AT5G55550	AT1G58470	1
AT5G55550	AT1G67950	1
AT5G55550	AT1G69250	1
AT5G55550	AT2G05160	1
AT5G55550	AT2G14160	1
AT5G55550	AT2G18510	1
AT5G55550	AT2G21440	1
AT5G55550	AT2G21660	1
AT5G55550	AT2G22100	1
AT5G55550	AT2G23350	1
AT5G55550	AT2G37340	1
AT5G55550	AT2G46780	1
AT5G55550	AT3G14100	1
AT5G55550	AT3G14450	1
AT5G55550	AT3G19130	1
AT5G55550	AT3G63450	1
AT5G55550	AT4G03110	1
AT5G55550	AT4G10610	1
AT5G55550	AT5G43960	1
AT5G55550	AT1G43190	1
AT5G55550	AT5G53180	1
AT5G55550	AT1G30460	1
AT5G55550	AT5G48650	1
AT5G58470	AT3G12130	1
AT5G58470	AT4G10070	1
AT5G58470	AT4G18375	1
AT5G58470	AT5G06770	1
AT5G58470	AT1G30960	1
AT5G58470	AT1G09230	1
AT5G58470	AT1G13190	1
AT5G58470	AT1G13690	1
AT5G58470	AT1G13730	1
AT5G58470	AT1G23860	1
AT5G58470	AT1G29400	1
AT5G58470	AT1G33470	1
AT5G58470	AT1G60000	1
AT5G58470	AT1G66260	1
AT5G58470	AT1G67950	1
AT5G58470	AT1G69250	1
AT5G58470	AT1G72800	1
AT5G58470	AT1G74230	1
AT5G58470	AT2G03640	1
AT5G58470	AT2G14160	1
AT5G58470	AT2G18510	1
AT5G58470	AT2G21660	1
AT5G58470	AT2G29580	1
AT5G58470	AT2G30260	1
AT5G58470	AT2G42240	1
AT5G58470	AT2G43370	1
AT5G58470	AT2G46610	1
AT5G58470	AT3G04500	1
AT5G58470	AT3G06970	1
AT5G58470	AT3G11400	1
AT5G58470	AT3G19090	1
AT5G58470	AT3G46020	1
AT5G58470	AT3G55460	1
AT5G58470	AT3G63450	1
AT5G58470	AT4G03110	1
AT5G58470	AT4G10610	1
AT5G58470	AT4G13860	1
AT5G58470	AT4G14300	1
AT5G58470	AT4G17720	1
AT5G58470	AT4G24270	1
AT5G58470	AT4G24770	1
AT5G58470	AT5G12190	1
AT5G58470	AT5G16840	1
AT5G58470	AT5G19960	1
AT5G58470	AT5G37720	1
AT5G58470	AT5G43960	1
AT5G58470	AT5G46250	1
AT5G58470	AT5G44200	1
AT5G58470	AT5G54580	1
AT5G58470	AT5G60980	1
AT5G58470	AT5G65260	1
AT5G58470	AT1G43190	1
AT5G58470	AT5G53180	1
AT5G58470	AT1G09810	1
AT5G58470	AT4G27000	1
AT5G58470	AT4G36960	1
AT5G58470	AT5G66010	1
AT5G60980	AT2G38610	1
AT5G60980	AT3G08620	1
AT5G60980	AT4G26000	1
AT5G60980	AT5G04430	1
AT5G60980	AT3G53870	1
AT5G60980	AT2G31610	1
AT5G60980	AT1G06960	1
AT5G60980	AT1G13690	1
AT5G60980	AT1G13730	1
AT5G60980	AT1G14340	1
AT5G60980	AT1G20880	1
AT5G60980	AT1G22760	1
AT5G60980	AT1G27050	1
AT5G60980	AT1G29400	1
AT5G60980	AT1G33470	1
AT5G60980	AT1G47490	1
AT5G60980	AT1G47500	1
AT5G60980	AT1G49600	1
AT5G60980	AT1G49760	1
AT5G60980	AT1G51510	1
AT5G60980	AT1G58470	1
AT5G60980	AT1G60000	1
AT5G60980	AT1G67950	1
AT5G60980	AT1G69250	1
AT5G60980	AT1G78260	1
AT5G60980	AT2G03640	1
AT5G60980	AT2G05160	1
AT5G60980	AT2G14160	1
AT5G60980	AT2G16940	1
AT5G60980	AT2G18510	1
AT5G60980	AT2G21660	1
AT5G60980	AT2G23350	1
AT5G60980	AT2G24590	1
AT5G60980	AT2G37340	1
AT5G60980	AT2G46780	1
AT5G60980	AT3G11400	1
AT5G60980	AT3G13700	1
AT5G60980	AT3G14100	1
AT5G60980	AT3G14450	1
AT5G60980	AT3G19090	1
AT5G60980	AT3G20890	1
AT5G60980	AT3G63450	1
AT5G60980	AT4G03110	1
AT5G60980	AT4G09040	1
AT5G60980	AT4G10610	1
AT5G60980	AT4G13860	1
AT5G60980	AT4G14300	1
AT5G60980	AT4G17720	1
AT5G60980	AT5G06210	1
AT5G60980	AT5G16840	1
AT5G60980	AT5G19350	1
AT5G60980	AT5G43960	1
AT5G60980	AT5G46250	1
AT5G60980	AT5G54580	1
AT5G60980	AT5G60980	1
AT5G60980	AT5G61030	1
AT5G60980	AT1G43190	1
AT5G60980	AT5G53180	1
AT5G60980	AT1G09810	1
AT5G60980	AT1G30460	1
AT5G60980	AT1G48110	1
AT5G60980	AT4G27000	1
AT5G60980	AT4G34110	1
AT5G60980	AT1G53650	1
AT5G61030	AT1G21320	1
AT5G61030	AT1G74230	1
AT5G61030	AT2G27330	1
AT5G61030	AT3G23830	1
AT5G61030	AT3G46020	1
AT5G61030	AT4G13850	1
AT5G61030	AT5G51120	1
AT5G61030	AT4G16280	1
AT5G61030	AT3G54770	1
AT5G61030	AT1G53650	1
AT5G64200	AT3G12130	1
AT5G64200	AT4G10070	1
AT5G64200	AT5G04430	1
AT5G64200	AT2G31610	1
AT5G64200	AT1G03360	1
AT5G64200	AT1G02840	1
AT5G64200	AT1G09140	1
AT5G64200	AT1G09230	1
AT5G64200	AT1G13190	1
AT5G64200	AT1G13690	1
AT5G64200	AT1G14340	1
AT5G64200	AT1G16610	1
AT5G64200	AT1G27050	1
AT5G64200	AT1G50300	1
AT5G64200	AT1G51510	1
AT5G64200	AT1G60650	1
AT5G64200	AT1G66260	1
AT5G64200	AT1G67950	1
AT5G64200	AT1G69250	1
AT5G64200	AT1G71800	1
AT5G64200	AT1G72800	1
AT5G64200	AT1G76940	1
AT5G64200	AT1G78260	1
AT5G64200	AT2G03640	1
AT5G64200	AT2G14160	1
AT5G64200	AT2G16940	1
AT5G64200	AT2G18510	1
AT5G64200	AT2G21660	1
AT5G64200	AT2G24590	1
AT5G64200	AT2G29580	1
AT5G64200	AT2G30260	1
AT5G64200	AT2G37340	1
AT5G64200	AT2G37510	1
AT5G64200	AT2G43370	1
AT5G64200	AT2G46610	1
AT5G64200	AT3G04500	1
AT5G64200	AT3G10400	1
AT5G64200	AT3G11400	1
AT5G64200	AT3G12640	1
AT5G64200	AT3G13570	1
AT5G64200	AT3G19090	1
AT5G64200	AT3G20930	1
AT5G64200	AT3G53500	1
AT5G64200	AT3G55460	1
AT5G64200	AT3G56860	1
AT5G64200	AT4G00830	1
AT5G64200	AT4G03110	1
AT5G64200	AT4G10110	1
AT5G64200	AT4G24770	1
AT5G64200	AT5G09880	1
AT5G64200	AT5G16840	1
AT5G64200	AT5G19960	1
AT5G64200	AT5G23590	1
AT5G64200	AT5G44200	1
AT5G64200	AT5G50250	1
AT5G64200	AT1G43190	1
AT5G64200	AT1G53720	1
AT5G65260	AT1G09140	1
AT5G65260	AT1G13690	1
AT5G65260	AT1G23860	1
AT5G65260	AT1G67950	1
AT5G65260	AT1G71800	1
AT5G65260	AT1G72800	1
AT5G65260	AT1G74230	1
AT5G65260	AT2G03640	1
AT5G65260	AT2G24590	1
AT5G65260	AT2G29580	1
AT5G65260	AT2G37340	1
AT5G65260	AT2G46610	1
AT5G65260	AT3G53500	1
AT5G65260	AT3G55460	1
AT5G65260	AT4G03110	1
AT5G65260	AT4G10110	1
AT5G65260	AT4G14300	1
AT5G65260	AT5G10350	1
AT5G65260	AT5G12190	1
AT5G65260	AT5G16260	1
AT5G65260	AT5G23590	1
AT1G37140	AT5G04430	1
AT1G37140	AT1G01080	1
AT1G37140	AT1G03457	1
AT1G37140	AT1G06960	1
AT1G37140	AT1G20880	1
AT1G37140	AT1G54080	1
AT1G37140	AT1G78260	1
AT1G37140	AT2G21660	1
AT1G37140	AT2G23350	1
AT1G37140	AT3G14450	1
AT1G37140	AT3G19130	1
AT1G37140	AT3G63450	1
AT1G37140	AT4G03110	1
AT1G37140	AT4G10610	1
AT1G37140	AT4G14300	1
AT1G37140	AT5G06210	1
AT1G37140	AT5G19350	1
AT1G37140	AT5G47620	1
AT1G37140	AT3G53460	1
AT1G79880	AT1G14170	1
AT1G79880	AT2G38610	1
AT1G79880	AT3G08620	1
AT1G79880	AT4G26000	1
AT1G79880	AT5G04430	1
AT1G79880	AT2G31610	1
AT1G79880	AT1G03457	1
AT1G79880	AT1G06960	1
AT1G79880	AT1G18630	1
AT1G79880	AT1G22760	1
AT1G79880	AT1G33470	1
AT1G79880	AT1G47500	1
AT1G79880	AT1G54080	1
AT1G79880	AT1G67950	1
AT1G79880	AT1G69250	1
AT1G79880	AT1G78260	1
AT1G79880	AT2G05160	1
AT1G79880	AT2G14160	1
AT1G79880	AT2G21660	1
AT1G79880	AT2G23350	1
AT1G79880	AT2G37220	1
AT1G79880	AT2G37510	1
AT1G79880	AT2G46610	1
AT1G79880	AT3G11400	1
AT1G79880	AT3G14100	1
AT1G79880	AT3G14450	1
AT1G79880	AT3G19090	1
AT1G79880	AT3G19130	1
AT1G79880	AT3G63450	1
AT1G79880	AT4G03110	1
AT1G79880	AT4G10110	1
AT1G79880	AT4G13860	1
AT1G79880	AT4G14300	1
AT1G79880	AT5G12190	1
AT1G79880	AT5G16840	1
AT1G79880	AT5G19350	1
AT1G79880	AT5G43960	1
AT1G79880	AT5G54580	1
AT1G79880	AT5G60980	1
AT1G79880	AT1G43190	1
AT1G79880	AT5G53180	1
AT1G79880	AT1G09810	1
AT1G79880	AT1G30460	1
AT1G79880	AT4G26650	1
AT1G79880	AT1G53650	1
AT1G79880	AT5G48650	1
AT1G43190	AT1G14170	1
AT1G43190	AT1G33680	1
AT1G43190	AT2G38610	1
AT1G43190	AT3G08620	1
AT1G43190	AT4G26000	1
AT1G43190	AT5G04430	1
AT1G43190	AT1G30960	1
AT1G43190	AT1G01080	1
AT1G43190	AT1G03457	1
AT1G43190	AT1G06960	1
AT1G43190	AT1G09140	1
AT1G43190	AT1G13690	1
AT1G43190	AT1G13730	1
AT1G43190	AT1G14340	1
AT1G43190	AT1G20880	1
AT1G43190	AT1G51510	1
AT1G43190	AT1G22760	1
AT1G43190	AT1G69250	1
AT1G43190	AT1G72800	1
AT1G43190	AT1G74230	1
AT1G43190	AT1G76460	1
AT1G43190	AT1G78260	1
AT1G43190	AT2G03640	1
AT1G43190	AT2G05160	1
AT1G43190	AT2G21660	1
AT1G43190	AT2G23350	1
AT1G43190	AT2G30260	1
AT1G43190	AT2G37340	1
AT1G43190	AT2G43370	1
AT1G43190	AT2G46780	1
AT1G43190	AT3G06970	1
AT1G43190	AT3G11400	1
AT1G43190	AT3G13700	1
AT1G43190	AT3G14450	1
AT1G43190	AT3G19090	1
AT1G43190	AT3G20930	1
AT1G43190	AT3G45630	1
AT1G43190	AT3G46020	1
AT1G43190	AT3G49390	1
AT1G43190	AT3G63450	1
AT1G43190	AT4G00830	1
AT1G43190	AT4G03110	1
AT1G43190	AT4G10610	1
AT1G43190	AT4G13860	1
AT1G43190	AT5G06210	1
AT1G43190	AT5G09880	1
AT1G43190	AT5G12190	1
AT1G43190	AT5G16840	1
AT1G43190	AT5G19350	1
AT1G43190	AT5G23590	1
AT1G43190	AT5G43960	1
AT1G43190	AT5G44200	1
AT1G43190	AT5G46250	1
AT1G43190	AT5G47620	1
AT1G43190	AT5G54580	1
AT1G43190	AT5G60980	1
AT1G43190	AT5G65260	1
AT1G43190	AT1G37140	1
AT1G43190	AT1G43190	1
AT1G43190	AT5G53180	1
AT1G43190	AT1G09810	1
AT1G43190	AT4G26650	1
AT1G43190	AT4G27000	1
AT1G30460	AT4G10070	1
AT1G30460	AT5G04430	1
AT1G30460	AT3G53870	1
AT1G30460	AT1G06960	1
AT1G30460	AT1G16610	1
AT1G30460	AT1G51510	1
AT1G30460	AT1G72800	1
AT1G30460	AT1G74230	1
AT1G30460	AT2G16940	1
AT1G30460	AT2G18510	1
AT1G30460	AT2G29580	1
AT1G30460	AT2G46780	1
AT1G30460	AT3G06970	1
AT1G30460	AT1G27960	1
AT1G30460	AT3G13224	1
AT1G30460	AT3G13570	1
AT1G30460	AT3G13700	1
AT1G30460	AT3G14100	1
AT1G30460	AT3G14450	1
AT1G30460	AT3G15010	1
AT1G30460	AT3G19090	1
AT1G30460	AT3G63450	1
AT1G30460	AT4G03110	1
AT1G30460	AT4G09040	1
AT1G30460	AT4G13860	1
AT1G30460	AT4G14300	1
AT1G30460	AT4G17720	1
AT1G30460	AT4G24270	1
AT1G30460	AT5G16840	1
AT1G30460	AT5G19960	1
AT1G30460	AT5G43960	1
AT1G30460	AT4G26650	1
AT1G30460	AT4G27000	1
AT1G30460	AT4G36960	1
AT1G30460	AT5G66010	1
AT1G30460	AT5G48650	1
AT3G03950	AT1G03457	1
AT3G03950	AT1G06960	1
AT3G03950	AT1G47500	1
AT3G03950	AT2G46780	1
AT3G03950	AT1G27960	1
AT3G03950	AT3G14100	1
AT3G03950	AT3G14450	1
AT3G03950	AT3G19130	1
AT3G03950	AT4G03110	1
AT3G03950	AT4G26650	1
AT3G03950	AT3G53460	1
AT3G03950	AT4G27000	1
AT3G03950	AT4G34110	1
AT5G61020	AT5G04430	1
AT5G61020	AT1G22760	1
AT5G61020	AT1G23860	1
AT5G61020	AT1G47490	1
AT5G61020	AT2G23350	1
AT5G61020	AT2G37340	1
AT5G61020	AT3G55460	1
AT5G61020	AT4G03110	1
AT5G61020	AT4G27000	1
AT5G61020	AT4G34110	1
AT4G26650	AT5G04430	1
AT4G26650	AT1G09140	1
AT4G26650	AT1G51510	1
AT4G26650	AT1G27960	1
AT4G26650	AT5G18810	1
AT4G26650	AT5G44200	1
AT4G26650	AT5G61030	1
AT4G26650	AT4G26650	1
AT4G26650	AT4G27000	1
AT4G26650	AT3G47120	1
AT3G53460	AT3G16230	1
AT4G26650	AT1G53650	1
AT3G53460	AT1G01080	1
AT3G53460	AT1G03457	1
AT3G53460	AT1G06960	1
AT3G53460	AT1G07350	1
AT3G53460	AT1G09140	1
AT3G53460	AT1G13730	1
AT3G53460	AT1G18630	1
AT3G53460	AT1G22760	1
AT3G53460	AT1G22910	1
AT3G53460	AT1G47500	1
AT3G53460	AT1G60000	1
AT3G53460	AT1G67950	1
AT3G53460	AT1G69250	1
AT3G53460	AT2G03640	1
AT3G53460	AT2G14160	1
AT3G53460	AT2G21660	1
AT3G53460	AT2G27330	1
AT3G53460	AT2G35410	1
AT3G53460	AT2G37220	1
AT3G53460	AT3G08000	1
AT3G53460	AT3G11400	1
AT3G53460	AT3G14450	1
AT3G53460	AT3G19090	1
AT3G53460	AT3G20930	1
AT3G53460	AT3G52380	1
AT3G53460	AT4G03110	1
AT3G53460	AT4G09040	1
AT3G53460	AT4G20030	1
AT3G53460	AT4G25500	1
AT3G53460	AT5G43960	1
AT3G53460	AT5G54580	1
AT3G53460	AT5G60980	1
AT3G53460	AT3G53460	1
AT3G53460	AT3G52150	1
AT3G53460	AT4G27000	1
AT3G53460	AT5G48650	1
AT5G02530	AT1G14170	1
AT5G02530	AT3G08620	1
AT5G02530	AT4G10070	1
AT5G02530	AT4G26000	1
AT5G02530	AT5G04430	1
AT5G02530	AT1G30960	1
AT5G02530	AT1G09140	1
AT5G02530	AT1G13690	1
AT5G02530	AT1G27650	1
AT5G02530	AT1G50300	1
AT5G02530	AT1G51510	1
AT5G02530	AT1G60000	1
AT5G02530	AT1G60650	1
AT5G02530	AT1G66260	1
AT5G02530	AT1G67950	1
AT5G02530	AT1G72800	1
AT5G02530	AT1G74230	1
AT5G02530	AT1G78260	1
AT5G02530	AT2G21660	1
AT5G02530	AT3G11400	1
AT5G02530	AT3G12640	1
AT5G02530	AT3G13700	1
AT5G02530	AT3G14450	1
AT5G02530	AT3G15010	1
AT5G02530	AT3G19090	1
AT5G02530	AT3G55460	1
AT5G02530	AT3G63450	1
AT5G02530	AT4G00830	1
AT5G02530	AT4G03110	1
AT5G02530	AT4G10110	1
AT5G02530	AT4G13860	1
AT5G02530	AT4G14300	1
AT5G02530	AT4G24270	1
AT5G02530	AT4G35785	1
AT5G02530	AT5G04280	1
AT5G02530	AT5G09880	1
AT5G02530	AT5G10350	1
AT5G02530	AT5G16840	1
AT5G02530	AT5G18810	1
AT5G02530	AT5G19350	1
AT5G02530	AT5G32450	1
AT5G02530	AT5G37720	1
AT5G02530	AT5G42820	1
AT5G02530	AT5G46250	1
AT5G02530	AT5G54580	1
AT5G02530	AT5G65260	1
AT5G02530	AT1G43190	1
AT5G02530	AT4G27000	1
AT5G02530	AT1G53650	1
AT3G52150	AT1G01080	1
AT3G52150	AT1G07350	1
AT3G52150	AT1G18630	1
AT3G52150	AT1G60000	1
AT3G52150	AT1G73530	1
AT3G52150	AT2G35410	1
AT3G52150	AT2G37220	1
AT3G52150	AT3G08000	1
AT3G52150	AT4G09040	1
AT3G52150	AT4G20030	1
AT3G52150	AT5G06210	1
AT3G52150	AT3G53460	1
AT3G52150	AT3G52150	1
AT5G04600	AT3G12130	1
AT5G04600	AT5G04430	1
AT5G04600	AT1G02840	1
AT5G04600	AT1G09140	1
AT5G04600	AT2G47580	1
AT5G04600	AT3G04500	1
AT5G04600	AT3G10400	1
AT5G04600	AT3G15010	1
AT5G04600	AT3G53500	1
AT5G04600	AT3G55460	1
AT5G04600	AT4G13860	1
AT5G04600	AT4G24270	1
AT5G04600	AT4G24770	1
AT5G04600	AT5G16840	1
AT5G04600	AT5G23590	1
AT1G53720	AT5G04430	1
AT1G53720	AT1G09140	1
AT1G53720	AT1G60650	1
AT1G53720	AT2G37340	1
AT1G53720	AT2G43370	1
AT1G53720	AT3G04500	1
AT1G53720	AT3G55460	1
AT1G53720	AT3G56860	1
AT1G53720	AT5G18810	1
AT1G53720	AT5G23590	1
AT4G27000	AT3G08620	1
AT4G27000	AT4G26000	1
AT4G27000	AT5G04430	1
AT4G27000	AT2G25355	1
AT4G27000	AT1G03457	1
AT4G27000	AT1G06960	1
AT4G27000	AT1G13690	1
AT4G27000	AT1G22760	1
AT4G27000	AT1G29400	1
AT4G27000	AT1G58470	1
AT4G27000	AT1G67950	1
AT4G27000	AT1G76460	1
AT4G27000	AT2G21660	1
AT4G27000	AT2G46780	1
AT4G27000	AT3G13700	1
AT4G27000	AT3G63450	1
AT4G27000	AT4G03110	1
AT4G27000	AT4G10110	1
AT4G27000	AT4G13860	1
AT4G27000	AT5G16840	1
AT4G27000	AT5G60980	1
AT4G27000	AT5G61030	1
AT4G27000	AT4G26650	1
AT4G27000	AT4G27000	1
AT4G27000	AT4G34110	1
AT4G27000	AT5G48650	1
AT3G26420	AT4G26000	1
AT3G26420	AT5G04430	1
AT3G26420	AT1G30960	1
AT3G26420	AT3G53870	1
AT3G26420	AT2G31610	1
AT3G26420	AT1G03457	1
AT3G26420	AT1G06960	1
AT3G26420	AT1G13690	1
AT3G26420	AT1G13730	1
AT3G26420	AT1G16610	1
AT3G26420	AT1G17370	1
AT3G26420	AT1G18630	1
AT3G26420	AT1G22760	1
AT3G26420	AT1G27650	1
AT3G26420	AT1G29400	1
AT3G26420	AT1G33470	1
AT3G26420	AT1G51510	1
AT3G26420	AT2G03640	1
AT3G26420	AT2G05160	1
AT3G26420	AT2G18510	1
AT3G26420	AT2G21660	1
AT3G26420	AT2G46610	1
AT3G26420	AT2G46780	1
AT3G26420	AT2G47580	1
AT3G26420	AT3G06970	1
AT3G26420	AT3G08000	1
AT3G26420	AT3G09160	1
AT3G26420	AT1G27960	1
AT3G26420	AT3G11400	1
AT3G26420	AT3G13570	1
AT3G26420	AT3G13700	1
AT3G26420	AT3G14450	1
AT3G26420	AT3G63450	1
AT3G26420	AT4G03110	1
AT3G26420	AT4G13860	1
AT3G26420	AT4G14300	1
AT3G26420	AT5G19350	1
AT3G26420	AT5G32450	1
AT3G26420	AT5G37720	1
AT3G26420	AT5G42820	1
AT3G26420	AT5G43960	1
AT3G26420	AT5G46840	1
AT3G26420	AT5G54580	1
AT3G26420	AT5G53180	1
AT3G26420	AT1G09810	1
AT3G26420	AT4G26650	1
AT3G26420	AT5G02530	1
AT3G26420	AT4G27000	1
AT3G26420	AT4G34110	1
AT3G26420	AT1G53650	1
AT3G26420	AT5G48650	1
AT3G47120	AT5G04430	1
AT3G47120	AT1G29400	1
AT3G47120	AT1G33470	1
AT3G47120	AT1G51510	1
AT3G47120	AT1G67950	1
AT3G47120	AT4G13860	1
AT3G47120	AT5G12190	1
AT3G47120	AT5G18810	1
AT3G47120	AT5G37720	1
AT3G47120	AT5G61030	1
AT3G47120	AT4G26650	1
AT3G47120	AT4G27000	1
AT3G47120	AT4G34110	1
AT3G47120	AT5G66010	1
AT3G47120	AT1G53650	1
AT4G16280	AT3G08620	1
AT4G16280	AT3G12130	1
AT4G16280	AT4G26000	1
AT4G16280	AT5G04430	1
AT4G16280	AT5G35530	1
AT4G16280	AT1G03457	1
AT4G16280	AT1G06960	1
AT4G16280	AT1G07350	1
AT4G16280	AT1G13690	1
AT4G16280	AT1G22760	1
AT4G16280	AT1G27650	1
AT4G16280	AT1G29400	1
AT4G16280	AT1G32790	1
AT4G16280	AT1G51510	1
AT4G16280	AT1G54080	1
AT4G16280	AT1G60000	1
AT4G16280	AT1G72800	1
AT4G16280	AT1G76460	1
AT4G16280	AT1G78260	1
AT4G16280	AT2G03640	1
AT4G16280	AT2G05160	1
AT4G16280	AT2G18510	1
AT4G16280	AT2G21660	1
AT4G16280	AT2G22090	1
AT4G16280	AT2G23350	1
AT4G16280	AT2G37340	1
AT4G16280	AT2G46780	1
AT4G16280	AT3G06970	1
AT4G16280	AT1G27960	1
AT4G16280	AT3G11400	1
AT4G16280	AT3G19090	1
AT4G16280	AT3G19130	1
AT4G16280	AT3G49390	1
AT4G16280	AT4G13860	1
AT4G16280	AT4G14300	1
AT4G16280	AT5G12190	1
AT4G16280	AT5G16840	1
AT4G16280	AT5G18810	1
AT4G16280	AT5G19350	1
AT4G16280	AT5G43960	1
AT4G16280	AT5G46250	1
AT4G16280	AT4G26650	1
AT4G16280	AT1G53650	1
AT4G16280	AT5G48650	1
AT4G34110	AT1G53650	1
AT4G36960	AT2G21440	1
AT4G36960	AT4G13860	1
AT4G36960	AT4G14300	1
AT4G36960	AT5G18810	1
AT4G36960	AT5G61030	1
AT4G36960	AT4G26650	1
AT4G36960	AT4G36960	1
AT4G36960	AT5G66010	1
AT5G66010	AT2G38610	1
AT5G66010	AT4G26000	1
AT5G66010	AT5G04430	1
AT5G66010	AT1G03457	1
AT5G66010	AT1G47500	1
AT5G66010	AT1G48920	1
AT5G66010	AT1G60000	1
AT5G66010	AT1G69250	1
AT5G66010	AT2G18510	1
AT5G66010	AT2G42240	1
AT5G66010	AT2G46610	1
AT5G66010	AT3G19090	1
AT5G66010	AT3G19130	1
AT5G66010	AT5G18810	1
AT5G66010	AT5G61030	1
AT5G66010	AT5G53180	1
AT5G66010	AT4G26650	1
AT5G66010	AT4G27000	1
AT5G66010	AT4G36960	1
AT5G66010	AT5G66010	1
AT3G13060	AT3G13060	1
AT4G36690	AT1G14170	1
AT4G36690	AT1G09140	1
AT4G36690	AT2G21660	1
AT4G36690	AT2G29580	1
AT4G36690	AT2G37340	1
AT4G36690	AT2G43370	1
AT4G36690	AT2G47580	1
AT4G36690	AT3G10400	1
AT4G36690	AT3G14450	1
AT4G36690	AT4G13860	1
AT4G36690	AT4G14300	1
AT4G36690	AT4G24770	1
AT4G36690	AT5G19960	1
AT4G36690	AT5G23590	1
AT4G36690	AT5G32450	1
AT4G36690	AT5G37720	1
AT4G36690	AT5G42820	1
AT4G36690	AT1G43190	1
AT4G36690	AT4G36960	1
AT4G36690	AT5G66010	1
AT2G24350	AT5G04430	1
AT2G24350	AT3G13570	1
AT2G24350	AT4G36960	1
AT2G24350	AT5G66010	1
AT5G25780	AT3G11400	1
AT3G21215	AT2G38610	1
AT3G21215	AT5G06770	1
AT3G21215	AT1G06960	1
AT3G21215	AT1G20880	1
AT3G21215	AT1G22760	1
AT3G21215	AT1G33470	1
AT3G21215	AT1G47500	1
AT3G21215	AT1G50300	1
AT3G21215	AT2G21660	1
AT3G21215	AT2G37340	1
AT3G21215	AT2G46780	1
AT3G21215	AT3G13224	1
AT3G21215	AT3G13570	1
AT3G21215	AT3G13700	1
AT3G21215	AT4G03110	1
AT3G21215	AT4G13860	1
AT3G21215	AT4G14300	1
AT3G21215	AT4G26650	1
AT3G21215	AT4G27000	1
AT3G21215	AT4G36960	1
AT3G21215	AT5G66010	1
AT3G21215	AT4G36690	1
AT3G54770	AT2G38610	1
AT3G54770	AT3G04610	1
AT3G54770	AT3G08620	1
AT3G54770	AT4G26000	1
AT3G54770	AT5G04430	1
AT3G54770	AT1G03457	1
AT3G54770	AT1G06960	1
AT3G54770	AT1G20880	1
AT3G54770	AT1G22760	1
AT3G54770	AT1G33470	1
AT3G54770	AT1G47490	1
AT3G54770	AT1G47500	1
AT3G54770	AT1G49760	1
AT3G54770	AT1G76460	1
AT3G54770	AT2G05160	1
AT3G54770	AT2G18510	1
AT3G54770	AT2G21660	1
AT3G54770	AT2G23350	1
AT3G54770	AT3G19090	1
AT3G54770	AT4G03110	1
AT3G54770	AT4G14300	1
AT3G54770	AT5G43960	1
AT3G54770	AT5G47620	1
AT3G54770	AT4G26650	1
AT3G54770	AT4G27000	1
AT3G54770	AT3G13060	1
AT3G54770	AT1G53650	1
AT5G61960	AT4G26000	1
AT5G61960	AT2G25355	1
AT5G61960	AT1G03457	1
AT5G61960	AT1G51510	1
AT5G61960	AT1G67950	1
AT5G61960	AT2G21660	1
AT5G61960	AT1G27960	1
AT5G61960	AT3G63450	1
AT5G61960	AT4G03110	1
AT5G61960	AT5G43960	1
AT5G61960	AT4G27000	1
AT5G61960	AT4G34110	1
AT5G61960	AT3G13060	1
AT5G61960	AT5G48650	1
AT1G53650	AT5G04430	1
AT1G53650	AT1G22760	1
AT1G53650	AT2G21660	1
AT1G53650	AT4G13860	1
AT5G48650	AT5G04430	1
AT5G48650	AT2G31610	1
AT5G48650	AT1G03457	1
AT5G48650	AT1G06960	1
AT5G48650	AT1G09140	1
AT5G48650	AT1G13690	1
AT5G48650	AT1G18630	1
AT5G48650	AT1G22760	1
AT5G48650	AT1G23860	1
AT5G48650	AT1G58470	1
AT5G48650	AT2G21660	1
AT5G48650	AT2G46780	1
AT5G48650	AT3G19130	1
AT5G48650	AT3G46020	1
AT5G48650	AT3G63450	1
AT5G48650	AT4G03110	1
AT5G48650	AT4G13860	1
AT5G48650	AT4G14300	1
AT5G48650	AT5G12190	1
AT5G48650	AT5G16840	1
AT5G48650	AT5G18810	1
AT5G48650	AT5G32450	1
AT5G48650	AT5G43960	1
AT5G48650	AT5G46250	1
AT5G48650	AT5G47620	1
AT5G48650	AT5G54580	1
AT5G48650	AT5G60980	1
AT5G48650	AT1G43190	1
AT5G48650	AT4G27000	1
AT5G48650	AT3G13060	1
AT5G48650	AT5G48650	1
